ds,Job_Type,Education_Level,Job_Categories,Public_Holiday_Flag,Local_Gas_Price,Monthly_Unemployment_Rate,Hours_Worked,Platform_Count,Jobs_Completed,Job_Duration_Days,Income_Total,Expenses_Total,Target_Income_Next_Day,income_volatility_index,Month,Monthly_Income,Monthly_Expenses,Target_Income_Next_Month,income_rolling_avg_3m,expense_to_income_ratio,net_Income,savings,y
2024-01-01,Hybrid/Gig-Task,Undergraduate,Delivery,1,75.22,7.6,5.6,2,1,1,504.0,153.0,9900.0,,2024-01,12612.08,23059.15,37000.0,,0.3,350.0,-10447.070000000002,0.18973529994077729
2024-01-02,Hybrid/Gig-Task,Undergraduate,,0,75.71,7.8,0.0,0,0,0,0.0,520.1,-13800.0,356.38,2024-01,12612.08,23059.15,37000.0,,inf,-520.0,-10447.070000000002,-1.3839150223575252
2024-01-03,Hybrid/Gig-Task,Undergraduate,Event Staff,0,75.01,7.9,5.8,2,4,1,800.13,521.2,7800.0,404.54,2024-01,12612.08,23059.15,37000.0,,0.65,280.0,-10447.070000000002,1.1143485339530717
2024-01-04,Hybrid/Gig-Task,Undergraduate,Data Entry,0,75.12,8.0,5.3,2,5,1,795.2,564.32,6600.0,376.28,2024-01,12612.08,23059.15,37000.0,,0.71,230.0,-10447.070000000002,1.0989554861575745
2024-01-05,Hybrid/Gig-Task,Undergraduate,Event Staff,0,75.14,7.7,2.7,3,4,1,800.26,519.4,7800.0,348.37,2024-01,12612.08,23059.15,37000.0,,0.65,280.0,-10447.070000000002,1.1147544358219184
2024-01-06,Hybrid/Gig-Task,Undergraduate,Data Entry,0,75.18,7.6,2.4,2,5,1,360.15,572.55,-5900.0,324.26,2024-01,12612.08,23059.15,37000.0,,1.59,-210.0,-10447.070000000002,-0.25941072954852995
2024-01-07,Hybrid/Gig-Task,Undergraduate,Data Entry,0,75.05,7.8,4.4,2,4,1,660.33,580.67,2300.0,299.29,2024-01,12612.08,23059.15,37000.0,,0.88,80.0,-10447.070000000002,0.6778479088393758
2024-01-08,Hybrid/Gig-Task,Undergraduate,Delivery,0,74.9,7.8,2.4,2,5,1,216.12,5195.97,-138700.0,326.79,2024-01,12612.08,23059.15,37000.0,,24.04,-4980.0,-10447.070000000002,-0.7091187770100864
2024-01-09,Hybrid/Gig-Task,Undergraduate,,0,74.06,7.7,0.0,0,0,0,0.0,2077.18,-60400.0,326.79,2024-01,12612.08,23059.15,37000.0,,inf,-2080.0,-10447.070000000002,-1.3839150223575252
2024-01-10,Hybrid/Gig-Task,Undergraduate,,0,75.05,7.8,0.0,0,0,0,0.0,470.81,-13800.0,351.05,2024-01,12612.08,23059.15,37000.0,,inf,-470.0,-10447.070000000002,-1.3839150223575252
2024-01-11,Hybrid/Gig-Task,Undergraduate,Delivery,0,74.49,8.1,3.7,3,4,1,333.27,156.3,4700.0,305.9,2024-01,12612.08,23059.15,37000.0,,0.47,180.0,-10447.070000000002,-0.34333874673777276
2024-01-12,Hybrid/Gig-Task,Undergraduate,,0,74.57,8.0,0.0,0,0,0,0.0,1546.26,-43500.0,248.81,2024-01,12612.08,23059.15,37000.0,,inf,-1550.0,-10447.070000000002,-1.3839150223575252
2024-01-13,Hybrid/Gig-Task,Undergraduate,Delivery,0,75.21,7.7,3.5,2,3,1,315.31,133.31,5100.0,245.28,2024-01,12612.08,23059.15,37000.0,,0.42,180.0,-10447.070000000002,-0.39941565107999
2024-01-14,Hybrid/Gig-Task,Undergraduate,Event Staff,0,75.89,7.6,3.0,4,5,1,800.86,474.18,9400.0,289.33,2024-01,12612.08,23059.15,37000.0,,0.59,330.0,-10447.070000000002,1.1166278290627498
2024-01-15,Hybrid/Gig-Task,Undergraduate,Data Entry,0,75.46,8.0,3.7,4,2,1,555.64,475.27,2200.0,312.59,2024-01,12612.08,23059.15,37000.0,,0.86,80.0,-10447.070000000002,0.3509720115349922
2024-01-16,Hybrid/Gig-Task,Undergraduate,Event Staff,0,74.66,8.1,4.3,4,2,1,800.99,572.64,6600.0,335.99,2024-01,12612.08,23059.15,37000.0,,0.71,230.0,-10447.070000000002,1.1170337309315965
2024-01-17,Hybrid/Gig-Task,Undergraduate,,0,74.87,7.9,0.0,0,0,0,0.0,558.71,-15000.0,335.99,2024-01,12612.08,23059.15,37000.0,,inf,-560.0,-10447.070000000002,-1.3839150223575252
2024-01-18,Hybrid/Gig-Task,Undergraduate,,0,75.13,7.8,0.0,0,0,0,0.0,558.82,-15900.0,369.14,2024-01,12612.08,23059.15,37000.0,,inf,-560.0,-10447.070000000002,-1.3839150223575252
2024-01-19,Hybrid/Gig-Task,Undergraduate,Delivery,0,75.41,8.0,2.6,1,1,1,234.35,138.48,2700.0,341.34,2024-01,12612.08,23059.15,37000.0,,0.59,100.0,-10447.070000000002,-0.6521988457094952
2024-01-20,Hybrid/Gig-Task,Undergraduate,Delivery,0,74.13,8.1,2.3,2,3,1,207.32,919.34,-20300.0,347.49,2024-01,12612.08,23059.15,37000.0,,4.43,-710.0,-10447.070000000002,-0.7365952112089458
2024-01-21,Hybrid/Gig-Task,Undergraduate,Event Staff,0,74.17,8.0,4.8,1,2,1,801.32,530.03,7400.0,347.59,2024-01,12612.08,23059.15,37000.0,,0.66,270.0,-10447.070000000002,1.1180640972140539
2024-01-22,Hybrid/Gig-Task,Undergraduate,Event Staff,0,75.56,7.6,2.8,2,5,1,801.38,1507.06,-19000.0,380.18,2024-01,12612.08,23059.15,37000.0,,1.88,-710.0,-10447.070000000002,1.1182514365381369
2024-01-23,Hybrid/Gig-Task,Undergraduate,Event Staff,0,74.79,7.6,5.1,3,4,1,801.45,483.03,8400.0,380.26,2024-01,12612.08,23059.15,37000.0,,0.6,320.0,-10447.070000000002,1.1184699990829006
2024-01-24,Hybrid/Gig-Task,Undergraduate,Delivery,0,74.89,7.7,5.7,3,5,1,513.97,207.91,9100.0,335.69,2024-01,12612.08,23059.15,37000.0,,0.4,310.0,-10447.070000000002,0.22086485095925767
2024-01-25,Hybrid/Gig-Task,Undergraduate,Event Staff,0,75.39,8.1,2.9,2,4,1,801.58,588.7,5800.0,276.1,2024-01,12612.08,23059.15,37000.0,,0.73,210.0,-10447.070000000002,1.1188759009517475
2024-01-26,Hybrid/Gig-Task,Undergraduate,,1,75.7,7.7,0.0,0,0,0,0.0,503.41,-14100.0,334.98,2024-01,12612.08,23059.15,37000.0,,inf,-500.0,-10447.070000000002,-1.3839150223575252
2024-01-27,Hybrid/Gig-Task,Undergraduate,Event Staff,0,74.9,7.5,5.8,3,5,1,801.71,565.81,6800.0,304.31,2024-01,12612.08,23059.15,37000.0,,0.71,240.0,-10447.070000000002,1.1192818028205942
2024-01-28,Hybrid/Gig-Task,Undergraduate,,0,74.6,8.0,0.0,0,0,0,0.0,515.66,-14900.0,377.92,2024-01,12612.08,23059.15,37000.0,,inf,-520.0,-10447.070000000002,-1.3839150223575252
2024-01-29,Hybrid/Gig-Task,Undergraduate,,0,75.81,7.6,0.0,0,0,0,0.0,538.89,-15800.0,403.07,2024-01,12612.08,23059.15,37000.0,,inf,-540.0,-10447.070000000002,-1.3839150223575252
2024-01-30,Hybrid/Gig-Task,Undergraduate,,0,74.7,7.8,0.0,0,0,0,0.0,425.36,-12100.0,389.24,2024-01,12612.08,23059.15,37000.0,,inf,-430.0,-10447.070000000002,-1.3839150223575252
2024-01-31,Hybrid/Gig-Task,Undergraduate,Data Entry,0,75.14,7.6,4.7,2,3,1,706.74,484.78,6300.0,412.8,2024-01,12612.08,23059.15,37000.0,,0.69,220.0,-10447.070000000002,0.8227548760176778
2024-02-01,Hybrid/Gig-Task,Undergraduate,Event Staff,0,75.78,7.7,3.0,1,4,1,802.04,538.19,7000.0,412.89,2024-02,13893.18,16894.829999999998,22400.0,,0.67,260.0,-3001.649999999998,1.120312169103051
2024-02-02,Hybrid/Gig-Task,Undergraduate,Data Entry,0,75.58,7.9,3.9,3,2,1,586.54,582.56,100.0,393.82,2024-02,13893.18,16894.829999999998,22400.0,,0.99,0.0,-3001.649999999998,0.44745176343780474
2024-02-03,Hybrid/Gig-Task,Undergraduate,Data Entry,0,75.61,7.7,4.0,2,2,1,601.63,550.47,1400.0,367.35,2024-02,13893.18,16894.829999999998,22400.0,,0.91,50.0,-3001.649999999998,0.49456760344471234
2024-02-04,Hybrid/Gig-Task,Undergraduate,Data Entry,0,75.57,7.8,5.3,3,2,1,797.22,559.64,6300.0,351.22,2024-02,13893.18,16894.829999999998,22400.0,,0.7,240.0,-3001.649999999998,1.10526257673504
2024-02-05,Hybrid/Gig-Task,Undergraduate,,0,75.46,7.7,0.0,0,0,0,0.0,526.52,-14900.0,351.22,2024-02,13893.18,16894.829999999998,22400.0,,inf,-530.0,-3001.649999999998,-1.3839150223575252
2024-02-06,Hybrid/Gig-Task,Undergraduate,Delivery,0,76.47,7.9,5.4,3,5,1,487.44,162.12,9500.0,276.03,2024-02,13893.18,16894.829999999998,22400.0,,0.33,330.0,-3001.649999999998,0.13802964649383306
2024-02-07,Hybrid/Gig-Task,Undergraduate,Event Staff,0,75.54,7.9,4.0,3,4,1,802.44,447.16,9500.0,286.18,2024-02,13893.18,16894.829999999998,22400.0,,0.56,360.0,-3001.649999999998,1.1215610979302724
2024-02-08,Hybrid/Gig-Task,Undergraduate,,0,75.54,8.0,0.0,0,0,0,0.0,499.63,-14000.0,339.26,2024-02,13893.18,16894.829999999998,22400.0,,inf,-500.0,-3001.649999999998,-1.3839150223575252
2024-02-09,Hybrid/Gig-Task,Undergraduate,,0,75.91,7.8,0.0,0,0,0,0.0,576.29,-16100.0,375.56,2024-02,13893.18,16894.829999999998,22400.0,,inf,-580.0,-3001.649999999998,-1.3839150223575252
2024-02-10,Hybrid/Gig-Task,Undergraduate,Delivery,0,75.97,7.5,4.8,4,3,1,433.42,967.39,-14700.0,364.54,2024-02,13893.18,16894.829999999998,22400.0,,2.23,-530.0,-3001.649999999998,-0.030638191622346062
2024-02-11,Hybrid/Gig-Task,Undergraduate,Event Staff,0,75.2,7.6,2.7,3,2,1,802.7,457.58,9500.0,365.64,2024-02,13893.18,16894.829999999998,22400.0,,0.57,350.0,-3001.649999999998,1.1223729016679658
2024-02-12,Hybrid/Gig-Task,Undergraduate,Data Entry,0,75.86,8.1,4.0,2,4,1,602.07,544.37,1700.0,336.24,2024-02,13893.18,16894.829999999998,22400.0,,0.9,60.0,-3001.649999999998,0.49594142515465545
2024-02-13,Hybrid/Gig-Task,Undergraduate,Event Staff,0,76.92,7.9,3.8,2,5,1,802.83,541.45,7500.0,362.67,2024-02,13893.18,16894.829999999998,22400.0,,0.67,260.0,-3001.649999999998,1.1227788035368127
2024-02-14,Hybrid/Gig-Task,Undergraduate,Data Entry,0,76.08,7.4,4.2,4,2,1,632.28,432.64,5400.0,343.59,2024-02,13893.18,16894.829999999998,22400.0,,0.68,200.0,-3001.649999999998,0.5902667748305118
2024-02-15,Hybrid/Gig-Task,Undergraduate,Delivery,0,75.57,7.6,2.7,4,2,1,243.9,150.29,2600.0,297.55,2024-02,13893.18,16894.829999999998,22400.0,,0.62,90.0,-3001.649999999998,-0.6223806699595967
2024-02-16,Hybrid/Gig-Task,Undergraduate,Event Staff,0,75.55,7.8,5.1,3,3,1,803.03,516.54,8000.0,214.86,2024-02,13893.18,16894.829999999998,22400.0,,0.64,290.0,-3001.649999999998,1.123403267950423
2024-02-17,Hybrid/Gig-Task,Undergraduate,Data Entry,0,75.65,7.4,2.2,3,4,1,331.28,573.14,-7000.0,232.19,2024-02,13893.18,16894.829999999998,22400.0,,1.73,-240.0,-3001.649999999998,-0.34955216765319663
2024-02-18,Hybrid/Gig-Task,Undergraduate,Event Staff,0,76.28,7.6,3.4,3,3,1,803.16,407.74,11600.0,232.25,2024-02,13893.18,16894.829999999998,22400.0,,0.51,400.0,-3001.649999999998,1.1238091698192696
2024-02-19,Hybrid/Gig-Task,Undergraduate,Data Entry,0,76.04,8.2,4.3,2,3,1,647.6,475.45,4800.0,232.87,2024-02,13893.18,16894.829999999998,22400.0,,0.73,170.0,-3001.649999999998,0.6381007489130714
2024-02-20,Hybrid/Gig-Task,Undergraduate,,0,75.48,7.3,0.0,0,0,0,0.0,583.57,-16000.0,307.37,2024-02,13893.18,16894.829999999998,22400.0,,inf,-580.0,-3001.649999999998,-1.3839150223575252
2024-02-21,Hybrid/Gig-Task,Undergraduate,Data Entry,0,75.82,8.0,5.5,3,4,1,828.47,531.17,8700.0,330.13,2024-02,13893.18,16894.829999999998,22400.0,,0.64,300.0,-3001.649999999998,1.2028351413616707
2024-02-22,Hybrid/Gig-Task,Undergraduate,Delivery,0,76.96,7.6,2.3,3,2,1,207.89,111.1,2800.0,335.43,2024-02,13893.18,16894.829999999998,22400.0,,0.53,100.0,-3001.649999999998,-0.734815487630156
2024-02-23,Hybrid/Gig-Task,Undergraduate,,0,76.25,7.7,0.0,0,0,0,0.0,458.64,-13400.0,358.01,2024-02,13893.18,16894.829999999998,22400.0,,inf,-460.0,-3001.649999999998,-1.3839150223575252
2024-02-24,Hybrid/Gig-Task,Undergraduate,Event Staff,0,75.97,8.3,5.0,4,4,1,803.56,437.51,9800.0,385.75,2024-02,13893.18,16894.829999999998,22400.0,,0.54,370.0,-3001.649999999998,1.1250580986464904
2024-02-25,Hybrid/Gig-Task,Undergraduate,Data Entry,0,75.29,7.9,4.6,1,2,1,693.13,437.59,6800.0,371.91,2024-02,13893.18,16894.829999999998,22400.0,,0.63,260.0,-3001.649999999998,0.7802600726714874
2024-02-26,Hybrid/Gig-Task,Undergraduate,,0,76.29,8.0,0.0,0,0,0,0.0,3448.84,-92200.0,395.62,2024-02,13893.18,16894.829999999998,22400.0,,inf,-3450.0,-3001.649999999998,-1.3839150223575252
2024-02-27,Hybrid/Gig-Task,Undergraduate,Event Staff,0,76.13,7.9,4.5,1,4,1,803.76,467.08,9200.0,389.69,2024-02,13893.18,16894.829999999998,22400.0,,0.58,340.0,-3001.649999999998,1.125682563060101
2024-02-28,Hybrid/Gig-Task,Undergraduate,Data Entry,0,75.9,7.9,2.5,2,1,1,376.79,411.55,-1000.0,357.82,2024-02,13893.18,16894.829999999998,22400.0,,1.09,-30.0,-3001.649999999998,-0.20745529033614143
2024-02-29,Hybrid/Gig-Task,Undergraduate,,0,75.95,7.9,0.0,0,0,0,0.0,498.61,-14700.0,385.18,2024-02,13893.18,16894.829999999998,22400.0,,inf,-500.0,-3001.649999999998,-1.3839150223575252
2024-03-01,Hybrid/Gig-Task,Undergraduate,,0,75.83,7.9,0.0,0,0,0,0.0,431.94,-12200.0,385.18,2024-03,12423.73,19065.8,28600.0,,inf,-430.0,-6642.07,-1.3839150223575252
2024-03-02,Hybrid/Gig-Task,Undergraduate,,0,75.92,8.0,0.0,0,0,0,0.0,532.19,-15100.0,357.52,2024-03,12423.73,19065.8,28600.0,,inf,-530.0,-6642.07,-1.3839150223575252
2024-03-03,Hybrid/Gig-Task,Undergraduate,Event Staff,0,75.82,7.4,5.6,4,5,1,804.09,450.32,9700.0,381.2,2024-03,12423.73,19065.8,28600.0,,0.56,350.0,-6642.07,1.1267129293425584
2024-03-04,Hybrid/Gig-Task,Undergraduate,,0,76.4,7.6,0.0,0,0,0,0.0,457.49,-12100.0,381.2,2024-03,12423.73,19065.8,28600.0,,inf,-460.0,-6642.07,-1.3839150223575252
2024-03-05,Hybrid/Gig-Task,Undergraduate,Data Entry,0,75.35,7.7,3.4,4,5,1,512.69,406.96,3100.0,327.02,2024-03,12423.73,19065.8,28600.0,,0.79,110.0,-6642.07,0.21686827871215097
2024-03-06,Hybrid/Gig-Task,Undergraduate,,0,76.28,7.4,0.0,0,0,0,0.0,465.77,-13500.0,332.09,2024-03,12423.73,19065.8,28600.0,,inf,-470.0,-6642.07,-1.3839150223575252
2024-03-07,Hybrid/Gig-Task,Undergraduate,Data Entry,0,77.08,8.0,5.2,3,2,1,784.24,488.14,8200.0,385.97,2024-03,12423.73,19065.8,28600.0,,0.62,300.0,-6642.07,1.0647348362917224
2024-03-08,Hybrid/Gig-Task,Undergraduate,Data Entry,0,75.54,7.8,4.9,4,4,1,739.06,449.74,8200.0,391.23,2024-03,12423.73,19065.8,28600.0,,0.61,290.0,-6642.07,0.9236683252571243
2024-03-09,Hybrid/Gig-Task,Undergraduate,Event Staff,0,75.49,7.9,3.1,3,4,1,804.48,443.75,9700.0,369.75,2024-03,12423.73,19065.8,28600.0,,0.55,360.0,-6642.07,1.1279306349490987
2024-03-10,Hybrid/Gig-Task,Undergraduate,Delivery,0,75.58,7.9,4.5,4,3,1,407.3,172.26,6500.0,348.88,2024-03,12423.73,19065.8,28600.0,,0.42,240.0,-6642.07,-0.11219324403986922
2024-03-11,Hybrid/Gig-Task,Undergraduate,Data Entry,0,75.22,7.8,2.2,1,2,1,331.9,602.03,-7300.0,293.47,2024-03,12423.73,19065.8,28600.0,,1.81,-270.0,-6642.07,-0.3476163279710043
2024-03-12,Hybrid/Gig-Task,Undergraduate,,0,75.02,7.8,0.0,0,0,0,0.0,552.47,-14900.0,351.36,2024-03,12423.73,19065.8,28600.0,,inf,-550.0,-6642.07,-1.3839150223575252
2024-03-13,Hybrid/Gig-Task,Undergraduate,,0,75.58,7.9,0.0,0,0,0,0.0,449.16,-13000.0,351.36,2024-03,12423.73,19065.8,28600.0,,inf,-450.0,-6642.07,-1.3839150223575252
2024-03-14,Hybrid/Gig-Task,Undergraduate,,0,73.46,7.9,0.0,0,0,0,0.0,608.46,-17700.0,347.62,2024-03,12423.73,19065.8,28600.0,,inf,-610.0,-6642.07,-1.3839150223575252
2024-03-15,Hybrid/Gig-Task,Undergraduate,Event Staff,0,74.94,7.8,2.3,2,1,1,804.88,459.47,9700.0,361.27,2024-03,12423.73,19065.8,28600.0,,0.57,350.0,-6642.07,1.1291795637763196
2024-03-16,Hybrid/Gig-Task,Undergraduate,Data Entry,0,74.56,8.0,2.8,3,4,1,422.6,574.2,-4400.0,302.74,2024-03,12423.73,19065.8,28600.0,,1.36,-150.0,-6642.07,-0.06442171639867071
2024-03-17,Hybrid/Gig-Task,Undergraduate,Data Entry,0,75.15,7.6,3.5,4,2,1,528.29,3477.31,-83000.0,314.39,2024-03,12423.73,19065.8,28600.0,,6.58,-2950.0,-6642.07,0.2655765029737648
2024-03-18,Hybrid/Gig-Task,Undergraduate,Data Entry,0,74.79,7.6,3.9,3,3,1,588.71,438.43,4300.0,333.38,2024-03,12423.73,19065.8,28600.0,,0.74,150.0,-6642.07,0.4542272023254782
2024-03-19,Hybrid/Gig-Task,Undergraduate,Delivery,0,73.82,7.7,3.0,3,2,1,271.74,122.82,4300.0,302.25,2024-03,12423.73,19065.8,28600.0,,0.45,150.0,-6642.07,-0.5354552235850237
2024-03-20,Hybrid/Gig-Task,Undergraduate,Delivery,0,74.85,8.0,2.9,4,3,1,262.7,104.57,4500.0,261.7,2024-03,12423.73,19065.8,28600.0,,0.4,160.0,-6642.07,-0.5636810150802156
2024-03-21,Hybrid/Gig-Task,Undergraduate,,0,74.6,7.9,0.0,0,0,0,0.0,3512.47,-98300.0,261.7,2024-03,12423.73,19065.8,28600.0,,inf,-3510.0,-6642.07,-1.3839150223575252
2024-03-22,Hybrid/Gig-Task,Undergraduate,Data Entry,0,74.51,7.7,3.5,1,2,1,528.51,438.76,2600.0,207.7,2024-03,12423.73,19065.8,28600.0,,0.83,90.0,-6642.07,0.26626341382873636
2024-03-23,Hybrid/Gig-Task,Undergraduate,Delivery,0,74.39,8.0,2.2,2,5,1,199.34,130.03,1900.0,215.59,2024-03,12423.73,19065.8,28600.0,,0.65,70.0,-6642.07,-0.7615113413120022
2024-03-24,Hybrid/Gig-Task,Undergraduate,Event Staff,0,74.46,8.0,5.2,4,2,1,805.48,410.48,11400.0,273.61,2024-03,12423.73,19065.8,28600.0,,0.51,400.0,-6642.07,1.1310529570171508
2024-03-25,Hybrid/Gig-Task,Undergraduate,Event Staff,1,74.36,7.9,5.6,4,4,1,805.54,520.31,8000.0,310.96,2024-03,12423.73,19065.8,28600.0,,0.65,290.0,-6642.07,1.1312402963412338
2024-03-26,Hybrid/Gig-Task,Undergraduate,Data Entry,0,74.45,7.8,4.2,3,4,1,634.42,462.48,5100.0,314.19,2024-03,12423.73,19065.8,28600.0,,0.73,170.0,-6642.07,0.5969485440561435
2024-03-27,Hybrid/Gig-Task,Undergraduate,Data Entry,0,73.39,7.8,2.3,2,4,1,347.45,466.63,-3300.0,306.77,2024-03,12423.73,19065.8,28600.0,,1.34,-120.0,-6642.07,-0.2990642198127927
2024-03-28,Hybrid/Gig-Task,Undergraduate,Delivery,0,73.38,7.7,5.1,4,2,1,462.29,194.21,7400.0,227.01,2024-03,12423.73,19065.8,28600.0,,0.42,270.0,-6642.07,0.0595032464823206
2024-03-29,Hybrid/Gig-Task,Undergraduate,Data Entry,0,73.6,7.6,3.3,1,5,1,498.59,573.6,-2200.0,227.55,2024-03,12423.73,19065.8,28600.0,,1.15,-80.0,-6642.07,0.17284353755261486
2024-03-30,Hybrid/Gig-Task,Undergraduate,Data Entry,0,73.43,7.4,4.5,3,4,1,679.96,537.09,4000.0,175.55,2024-03,12423.73,19065.8,28600.0,430.0,0.79,140.0,-6642.07,0.7391390910352403
2024-03-31,Hybrid/Gig-Task,Undergraduate,Delivery,0,73.61,7.8,2.2,2,2,1,199.47,132.26,1900.0,206.76,2024-03,12423.73,19065.8,28600.0,430.0,0.66,70.0,-6642.07,-0.7611054394431553
2024-04-01,Hybrid/Gig-Task,Undergraduate,Delivery,0,73.11,8.4,2.1,4,4,1,190.42,113.97,2100.0,194.67,2024-04,12297.29,15664.55,21400.0,430.0,0.6,80.0,-3367.2599999999984,-0.7893624541590277
2024-04-02,Hybrid/Gig-Task,Undergraduate,Event Staff,0,74.0,8.0,2.9,1,1,1,806.07,596.43,5900.0,231.9,2024-04,12297.29,15664.55,21400.0,430.0,0.74,210.0,-3367.2599999999984,1.1328951270373018
2024-04-03,Hybrid/Gig-Task,Undergraduate,Delivery,0,73.17,8.1,3.9,1,3,1,353.69,149.65,5700.0,231.43,2024-04,12297.29,15664.55,21400.0,420.0,0.42,200.0,-3367.2599999999984,-0.27958093010814705
2024-04-04,Hybrid/Gig-Task,Undergraduate,Event Staff,0,73.09,8.5,5.2,1,5,1,806.2,2301.11,-44100.0,266.84,2024-04,12297.29,15664.55,21400.0,420.0,2.85,-1490.0,-3367.2599999999984,1.1333010289061485
2024-04-05,Hybrid/Gig-Task,Undergraduate,Delivery,0,73.48,8.2,2.4,2,5,1,217.69,114.06,3000.0,288.21,2024-04,12297.29,15664.55,21400.0,420.0,0.52,100.0,-3367.2599999999984,-0.7042167313632446
2024-04-06,Hybrid/Gig-Task,Undergraduate,Data Entry,0,72.59,8.4,4.2,4,1,1,634.99,563.27,2100.0,283.07,2024-04,12297.29,15664.55,21400.0,420.0,0.89,70.0,-3367.2599999999984,0.5987282676349334
2024-04-07,Hybrid/Gig-Task,Undergraduate,,0,72.99,8.3,0.0,0,0,0,0.0,587.83,-15900.0,320.98,2024-04,12297.29,15664.55,21400.0,420.0,inf,-590.0,-3367.2599999999984,-1.3839150223575252
2024-04-08,Hybrid/Gig-Task,Undergraduate,,0,73.76,8.6,0.0,0,0,0,0.0,510.5,-14400.0,351.29,2024-04,12297.29,15664.55,21400.0,420.0,inf,-510.0,-3367.2599999999984,-1.3839150223575252
2024-04-09,Hybrid/Gig-Task,Undergraduate,,0,72.99,7.7,0.0,0,0,0,0.0,598.25,-16900.0,328.39,2024-04,12297.29,15664.55,21400.0,420.0,inf,-600.0,-3367.2599999999984,-1.3839150223575252
2024-04-10,Hybrid/Gig-Task,Undergraduate,Event Staff,1,73.75,8.7,5.4,4,4,1,806.6,575.94,6300.0,383.58,2024-04,12297.29,15664.55,21400.0,430.0,0.71,230.0,-3367.2599999999984,1.1345499577333693
2024-04-11,Hybrid/Gig-Task,Undergraduate,Data Entry,0,74.29,8.3,3.5,3,3,1,529.38,603.58,-2100.0,340.86,2024-04,12297.29,15664.55,21400.0,430.0,1.14,-70.0,-3367.2599999999984,0.2689798340279418
2024-04-12,Hybrid/Gig-Task,Undergraduate,Delivery,0,73.44,8.5,5.9,1,5,1,535.47,157.04,10000.0,347.21,2024-04,12297.29,15664.55,21400.0,430.0,0.29,380.0,-3367.2599999999984,0.2879947754223797
2024-04-13,Hybrid/Gig-Task,Undergraduate,Data Entry,0,73.22,8.4,2.9,3,1,1,438.7,565.05,-3700.0,328.54,2024-04,12297.29,15664.55,21400.0,430.0,1.29,-130.0,-3367.2599999999984,-0.014152331103030599
2024-04-14,Hybrid/Gig-Task,Undergraduate,Data Entry,1,73.97,8.5,2.4,4,3,1,363.09,439.68,-2200.0,294.67,2024-04,12297.29,15664.55,21400.0,430.0,1.21,-80.0,-3367.2599999999984,-0.25023110266845655
2024-04-15,Hybrid/Gig-Task,Undergraduate,Data Entry,0,75.11,8.4,2.9,3,1,1,438.77,524.45,-2300.0,241.82,2024-04,12297.29,15664.55,21400.0,420.0,1.2,-90.0,-3367.2599999999984,-0.013933768558266967
2024-04-16,Hybrid/Gig-Task,Undergraduate,Delivery,0,73.49,8.3,4.9,4,2,1,444.86,165.33,8000.0,144.31,2024-04,12297.29,15664.55,21400.0,430.0,0.37,280.0,-3367.2599999999984,0.0050811728361709555
2024-04-17,Hybrid/Gig-Task,Undergraduate,Delivery,0,72.88,8.2,4.4,3,1,1,399.5,170.46,6100.0,63.23,2024-04,12297.29,15664.55,21400.0,430.0,0.43,230.0,-3367.2599999999984,-0.13654735617067632
2024-04-18,Hybrid/Gig-Task,Undergraduate,Delivery,0,73.58,8.2,5.7,3,3,1,517.57,208.27,9100.0,60.87,2024-04,12297.29,15664.55,21400.0,440.0,0.4,310.0,-3367.2599999999984,0.23210521040424562
2024-04-19,Hybrid/Gig-Task,Undergraduate,Delivery,0,73.87,8.1,5.5,2,5,1,499.45,208.31,8300.0,53.33,2024-04,12297.29,15664.55,21400.0,440.0,0.42,290.0,-3367.2599999999984,0.1755287345311398
2024-04-20,Hybrid/Gig-Task,Undergraduate,Delivery,0,74.37,8.3,3.2,1,3,1,290.62,137.88,4300.0,78.71,2024-04,12297.29,15664.55,21400.0,430.0,0.47,150.0,-3367.2599999999984,-0.47650578294019846
2024-04-21,Hybrid/Gig-Task,Undergraduate,Data Entry,0,73.82,8.2,2.6,4,4,1,393.57,562.85,-4500.0,75.7,2024-04,12297.29,15664.55,21400.0,430.0,1.43,-170.0,-3367.2599999999984,-0.1550627260342258
2024-04-22,Hybrid/Gig-Task,Undergraduate,,0,73.92,8.5,0.0,0,0,0,0.0,467.94,-12600.0,177.24,2024-04,12297.29,15664.55,21400.0,420.0,inf,-470.0,-3367.2599999999984,-1.3839150223575252
2024-04-23,Hybrid/Gig-Task,Undergraduate,Delivery,0,73.42,8.2,3.9,1,5,1,354.28,141.02,6000.0,173.59,2024-04,12297.29,15664.55,21400.0,420.0,0.4,210.0,-3367.2599999999984,-0.2777387600879963
2024-04-24,Hybrid/Gig-Task,Undergraduate,Data Entry,0,73.72,8.0,5.0,4,5,1,757.06,449.72,8700.0,232.84,2024-04,12297.29,15664.55,21400.0,420.0,0.59,310.0,-3367.2599999999984,0.9798701224820637
2024-04-25,Hybrid/Gig-Task,Undergraduate,Data Entry,0,73.48,8.2,3.0,3,4,1,454.27,475.37,-600.0,228.78,2024-04,12297.29,15664.55,21400.0,420.0,1.05,-20.0,-3367.2599999999984,0.03446222349654194
2024-04-26,Hybrid/Gig-Task,Undergraduate,,0,74.34,8.4,0.0,0,0,0,0.0,495.91,-13600.0,264.98,2024-04,12297.29,15664.55,21400.0,410.0,inf,-500.0,-3367.2599999999984,-1.3839150223575252
2024-04-27,Hybrid/Gig-Task,Undergraduate,Delivery,0,74.02,8.5,5.1,2,3,1,463.44,177.95,8000.0,269.64,2024-04,12297.29,15664.55,21400.0,420.0,0.38,290.0,-3367.2599999999984,0.06309391686058055
2024-04-28,Hybrid/Gig-Task,Undergraduate,Data Entry,0,73.87,8.4,3.8,2,2,1,575.55,549.29,800.0,283.41,2024-04,12297.29,15664.55,21400.0,430.0,0.95,30.0,-3367.2599999999984,0.41313744390991114
2024-04-29,Hybrid/Gig-Task,Undergraduate,Delivery,0,73.9,8.4,2.4,1,2,1,218.12,142.21,2200.0,245.08,2024-04,12297.29,15664.55,21400.0,430.0,0.65,80.0,-3367.2599999999984,-0.702874132873982
2024-04-30,Hybrid/Gig-Task,Undergraduate,Event Staff,0,73.68,7.8,2.1,1,3,1,807.93,2911.23,-57000.0,286.46,2024-04,12297.29,15664.55,21400.0,430.0,3.6,-2100.0,-3367.2599999999984,1.1387026460838785
2024-05-01,Hybrid/Gig-Task,Undergraduate,Event Staff,0,73.93,8.6,4.2,2,1,1,808.0,486.15,9100.0,295.53,2024-05,13774.82,33724.61,58700.0,430.0,0.6,320.0,-19949.79,1.1389212086286422
2024-05-02,Hybrid/Gig-Task,Undergraduate,Event Staff,0,74.48,8.5,2.7,3,2,1,808.06,571.21,6300.0,320.52,2024-05,13774.82,33724.61,58700.0,430.0,0.71,240.0,-19949.79,1.1391085479527252
2024-05-03,Hybrid/Gig-Task,Undergraduate,Delivery,0,74.65,8.3,2.3,3,3,1,209.1,5132.65,-134000.0,268.94,2024-05,13774.82,33724.61,58700.0,430.0,24.55,-4920.0,-19949.79,-0.7310374779278128
2024-05-04,Hybrid/Gig-Task,Undergraduate,,0,74.14,8.2,0.0,0,0,0,0.0,514.08,-15100.0,342.44,2024-05,13774.82,33724.61,58700.0,420.0,inf,-510.0,-19949.79,-1.3839150223575252
2024-05-05,Hybrid/Gig-Task,Undergraduate,,0,73.9,8.4,0.0,0,0,0,0.0,586.9,-15900.0,384.82,2024-05,13774.82,33724.61,58700.0,420.0,inf,-590.0,-19949.79,-1.3839150223575252
2024-05-06,Hybrid/Gig-Task,Undergraduate,,0,74.68,8.3,0.0,0,0,0,0.0,524.52,-13900.0,410.66,2024-05,13774.82,33724.61,58700.0,410.0,inf,-520.0,-19949.79,-1.3839150223575252
2024-05-07,Hybrid/Gig-Task,Undergraduate,Event Staff,0,73.87,8.3,3.3,4,2,1,808.39,413.96,10900.0,410.74,2024-05,13774.82,33724.61,58700.0,410.0,0.51,390.0,-19949.79,1.1401389142351825
2024-05-08,Hybrid/Gig-Task,Undergraduate,Event Staff,0,74.41,8.0,2.9,3,1,1,808.46,538.05,7900.0,410.82,2024-05,13774.82,33724.61,58700.0,420.0,0.67,270.0,-19949.79,1.1403574767799465
2024-05-09,Hybrid/Gig-Task,Undergraduate,Delivery,0,72.97,8.2,5.8,3,2,1,527.56,157.86,10600.0,373.69,2024-05,13774.82,33724.61,58700.0,430.0,0.3,370.0,-19949.79,0.26329720786408667
2024-05-10,Hybrid/Gig-Task,Undergraduate,Delivery,0,73.53,8.2,4.9,2,4,1,445.74,149.69,8800.0,370.97,2024-05,13774.82,33724.61,58700.0,430.0,0.34,300.0,-19949.79,0.007828816256056866
2024-05-11,Hybrid/Gig-Task,Undergraduate,Event Staff,0,74.08,8.2,3.8,2,2,1,808.66,543.48,7600.0,362.35,2024-05,13774.82,33724.61,58700.0,430.0,0.67,270.0,-19949.79,1.1409819411935567
2024-05-12,Hybrid/Gig-Task,Undergraduate,Data Entry,0,74.9,8.4,5.5,3,5,1,834.0,596.92,7000.0,309.32,2024-05,13774.82,33724.61,58700.0,430.0,0.72,240.0,-19949.79,1.2201015823979993
2024-05-13,Hybrid/Gig-Task,Undergraduate,Data Entry,0,74.33,8.4,4.6,2,3,1,697.58,424.69,7900.0,156.81,2024-05,13774.82,33724.61,58700.0,430.0,0.61,270.0,-19949.79,0.7941544058743198
2024-05-14,Hybrid/Gig-Task,Undergraduate,Data Entry,0,73.63,8.5,3.3,2,1,1,500.48,567.39,-1900.0,165.69,2024-05,13774.82,33724.61,58700.0,430.0,1.13,-70.0,-19949.79,0.17874472626123364
2024-05-15,Hybrid/Gig-Task,Undergraduate,,0,74.18,8.4,0.0,0,0,0,0.0,473.09,-13800.0,284.45,2024-05,13774.82,33724.61,58700.0,430.0,inf,-470.0,-19949.79,-1.3839150223575252
2024-05-16,Hybrid/Gig-Task,Undergraduate,Event Staff,0,73.7,8.0,2.6,2,1,1,808.99,5339.45,-128800.0,301.01,2024-05,13774.82,33724.61,58700.0,430.0,6.6,-4530.0,-19949.79,1.142012307476014
2024-05-17,Hybrid/Gig-Task,Undergraduate,Data Entry,0,74.66,8.4,4.4,2,1,1,667.47,484.56,5100.0,295.52,2024-05,13774.82,33724.61,58700.0,430.0,0.73,180.0,-19949.79,0.7001412884052685
2024-05-18,Hybrid/Gig-Task,Undergraduate,,0,73.81,8.1,0.0,0,0,0,0.0,556.53,-16300.0,359.19,2024-05,13774.82,33724.61,58700.0,420.0,inf,-560.0,-19949.79,-1.3839150223575252
2024-05-19,Hybrid/Gig-Task,Undergraduate,,0,74.84,8.1,0.0,0,0,0,0.0,508.37,-13800.0,368.6,2024-05,13774.82,33724.61,58700.0,410.0,inf,-510.0,-19949.79,-1.3839150223575252
2024-05-20,Hybrid/Gig-Task,Undergraduate,,0,75.11,8.1,0.0,0,0,0,0.0,2601.92,-75100.0,363.35,2024-05,13774.82,33724.61,58700.0,410.0,inf,-2600.0,-19949.79,-1.3839150223575252
2024-05-21,Hybrid/Gig-Task,Undergraduate,Data Entry,0,74.63,8.2,5.0,1,2,1,758.74,601.03,4600.0,400.4,2024-05,13774.82,33724.61,58700.0,410.0,0.79,160.0,-19949.79,0.9851156235563916
2024-05-22,Hybrid/Gig-Task,Undergraduate,,0,74.63,8.2,0.0,0,0,0,0.0,552.85,-16200.0,400.4,2024-05,13774.82,33724.61,58700.0,410.0,inf,-550.0,-19949.79,-1.3839150223575252
2024-05-23,Hybrid/Gig-Task,Undergraduate,,0,74.26,8.3,0.0,0,0,0,0.0,3887.15,-106800.0,348.96,2024-05,13774.82,33724.61,58700.0,410.0,inf,-3890.0,-19949.79,-1.3839150223575252
2024-05-24,Hybrid/Gig-Task,Undergraduate,Delivery,0,73.85,8.4,4.1,4,4,1,373.39,4380.3,-111200.0,297.77,2024-05,13774.82,33724.61,58700.0,410.0,11.73,-4010.0,-19949.79,-0.21807118536751896
2024-05-25,Hybrid/Gig-Task,Undergraduate,Delivery,0,74.11,8.3,4.2,1,2,1,382.53,141.89,6600.0,298.24,2024-05,13774.82,33724.61,58700.0,400.0,0.37,240.0,-19949.79,-0.18953316166552203
2024-05-26,Hybrid/Gig-Task,Undergraduate,Event Staff,0,73.89,7.8,3.8,4,3,1,809.66,537.85,7600.0,352.42,2024-05,13774.82,33724.61,58700.0,410.0,0.66,270.0,-19949.79,1.1441042632616087
2024-05-27,Hybrid/Gig-Task,Undergraduate,Data Entry,0,74.31,8.8,3.9,4,1,1,592.11,560.58,900.0,329.77,2024-05,13774.82,33724.61,58700.0,410.0,0.95,30.0,-19949.79,0.4648430973568556
2024-05-28,Hybrid/Gig-Task,Undergraduate,Data Entry,0,74.81,8.3,3.6,3,4,1,546.61,416.66,3800.0,301.64,2024-05,13774.82,33724.61,58700.0,410.0,0.76,130.0,-19949.79,0.322777443260481
2024-05-29,Hybrid/Gig-Task,Undergraduate,Data Entry,0,74.3,8.3,5.5,1,3,1,835.17,478.48,10300.0,288.24,2024-05,13774.82,33724.61,58700.0,420.0,0.57,360.0,-19949.79,1.22375469921762
2024-05-30,Hybrid/Gig-Task,Undergraduate,Data Entry,0,74.72,8.1,4.9,1,1,1,744.12,435.34,8500.0,191.74,2024-05,13774.82,33724.61,58700.0,430.0,0.59,310.0,-19949.79,0.9394672749214685
2024-05-31,Hybrid/Gig-Task,Undergraduate,,0,75.02,8.4,0.0,0,0,0,0.0,561.01,-16000.0,293.89,2024-05,13774.82,33724.61,58700.0,430.0,inf,-560.0,-19949.79,-1.3839150223575252
2024-06-01,Hybrid/Gig-Task,Undergraduate,Data Entry,0,74.84,8.4,3.5,4,1,1,531.6,570.39,-1100.0,284.25,2024-06,14491.87,15166.08,18100.0,420.0,1.07,-40.0,-674.2099999999991,0.27591138901901774
2024-06-02,Hybrid/Gig-Task,Undergraduate,Data Entry,0,74.51,8.4,2.6,2,2,1,394.94,570.49,-4800.0,271.31,2024-06,14491.87,15166.08,18100.0,430.0,1.44,-180.0,-674.2099999999991,-0.1507851448009943
2024-06-03,Hybrid/Gig-Task,Undergraduate,,0,74.81,8.2,0.0,0,0,0,0.0,471.73,-13900.0,331.04,2024-06,14491.87,15166.08,18100.0,420.0,inf,-470.0,-674.2099999999991,-1.3839150223575252
2024-06-04,Hybrid/Gig-Task,Undergraduate,Data Entry,0,74.24,8.3,2.0,3,1,1,303.85,506.84,-5700.0,330.24,2024-06,14491.87,15166.08,18100.0,430.0,1.67,-200.0,-674.2099999999991,-0.43519746197986797
2024-06-05,Hybrid/Gig-Task,Undergraduate,Delivery,0,75.32,8.1,4.4,4,2,1,401.11,142.19,7200.0,270.58,2024-06,14491.87,15166.08,18100.0,420.0,0.35,260.0,-674.2099999999991,-0.13152041764111225
2024-06-06,Hybrid/Gig-Task,Undergraduate,,0,73.82,8.3,0.0,0,0,0,0.0,428.71,-11700.0,227.86,2024-06,14491.87,15166.08,18100.0,410.0,inf,-430.0,-674.2099999999991,-1.3839150223575252
2024-06-07,Hybrid/Gig-Task,Undergraduate,Event Staff,0,74.6,8.3,4.5,2,1,1,810.46,450.44,9900.0,287.74,2024-06,14491.87,15166.08,18100.0,410.0,0.56,360.0,-674.2099999999991,1.1466021209160508
2024-06-08,Hybrid/Gig-Task,Undergraduate,Data Entry,0,74.71,8.3,5.4,3,3,1,820.65,2006.25,-34000.0,335.17,2024-06,14491.87,15166.08,18100.0,420.0,2.44,-1190.0,-674.2099999999991,1.1784185827895024
2024-06-09,Hybrid/Gig-Task,Undergraduate,Data Entry,0,75.35,8.0,5.9,3,1,1,896.71,432.06,12800.0,386.14,2024-06,14491.87,15166.08,18100.0,430.0,0.48,460.0,-674.2099999999991,1.415902399285552
2024-06-10,Hybrid/Gig-Task,Undergraduate,,0,74.21,8.3,0.0,0,0,0,0.0,581.68,-17000.0,386.14,2024-06,14491.87,15166.08,18100.0,430.0,inf,-580.0,-674.2099999999991,-1.3839150223575252
2024-06-11,Hybrid/Gig-Task,Undergraduate,Delivery,0,73.81,8.3,3.2,2,1,1,291.86,146.48,4100.0,386.99,2024-06,14491.87,15166.08,18100.0,430.0,0.5,150.0,-674.2099999999991,-0.47263410357581376
2024-06-12,Hybrid/Gig-Task,Undergraduate,Data Entry,0,75.48,8.3,4.8,1,1,1,729.71,530.32,5600.0,398.4,2024-06,14491.87,15166.08,18100.0,440.0,0.73,200.0,-674.2099999999991,0.8944746139208366
2024-06-13,Hybrid/Gig-Task,Undergraduate,Delivery,0,74.78,8.0,3.9,3,4,1,355.76,156.86,5600.0,341.57,2024-06,14491.87,15166.08,18100.0,430.0,0.44,200.0,-674.2099999999991,-0.273117723427279
2024-06-14,Hybrid/Gig-Task,Undergraduate,Event Staff,0,74.37,8.2,5.7,4,5,1,810.92,563.55,7200.0,341.63,2024-06,14491.87,15166.08,18100.0,440.0,0.69,250.0,-674.2099999999991,1.1480383890673547
2024-06-15,Hybrid/Gig-Task,Undergraduate,Data Entry,0,74.54,8.6,4.8,2,1,1,729.89,437.71,8500.0,331.57,2024-06,14491.87,15166.08,18100.0,440.0,0.6,290.0,-674.2099999999991,0.8950366318930859
2024-06-16,Hybrid/Gig-Task,Undergraduate,Data Entry,0,74.99,8.1,5.2,4,4,1,790.78,422.31,10700.0,314.84,2024-06,14491.87,15166.08,18100.0,440.0,0.53,370.0,-674.2099999999991,1.0851548226167835
2024-06-17,Hybrid/Gig-Task,Undergraduate,Data Entry,0,74.85,8.4,2.0,2,3,1,304.17,465.77,-4400.0,242.11,2024-06,14491.87,15166.08,18100.0,440.0,1.53,-160.0,-674.2099999999991,-0.4341983189180913
2024-06-18,Hybrid/Gig-Task,Undergraduate,Event Staff,0,75.31,8.6,5.1,1,3,1,811.19,483.42,9300.0,220.06,2024-06,14491.87,15166.08,18100.0,450.0,0.6,330.0,-674.2099999999991,1.148881416025729
2024-06-19,Hybrid/Gig-Task,Undergraduate,Delivery,0,74.25,8.1,5.3,2,3,1,483.71,200.43,7900.0,224.34,2024-06,14491.87,15166.08,18100.0,450.0,0.41,280.0,-674.2099999999991,0.12638338517999834
2024-06-20,Hybrid/Gig-Task,Undergraduate,,0,74.15,8.3,0.0,0,0,0,0.0,577.63,-16200.0,314.39,2024-06,14491.87,15166.08,18100.0,450.0,inf,-580.0,-674.2099999999991,-1.3839150223575252
2024-06-21,Hybrid/Gig-Task,Undergraduate,,0,75.02,8.5,0.0,0,0,0,0.0,597.38,-16500.0,354.07,2024-06,14491.87,15166.08,18100.0,440.0,inf,-600.0,-674.2099999999991,-1.3839150223575252
2024-06-22,Hybrid/Gig-Task,Undergraduate,,0,74.77,8.2,0.0,0,0,0,0.0,605.77,-17100.0,363.76,2024-06,14491.87,15166.08,18100.0,440.0,inf,-610.0,-674.2099999999991,-1.3839150223575252
2024-06-23,Hybrid/Gig-Task,Undergraduate,Event Staff,0,74.9,8.1,4.2,1,2,1,811.52,532.47,8200.0,368.09,2024-06,14491.87,15166.08,18100.0,440.0,0.66,280.0,-674.2099999999991,1.149911782308186
2024-06-24,Hybrid/Gig-Task,Undergraduate,Event Staff,0,75.88,8.0,2.3,2,3,1,811.59,587.38,6200.0,406.79,2024-06,14491.87,15166.08,18100.0,440.0,0.72,220.0,-674.2099999999991,1.1501303448529498
2024-06-25,Hybrid/Gig-Task,Undergraduate,Data Entry,0,74.95,8.7,4.3,4,2,1,654.4,536.82,3400.0,385.2,2024-06,14491.87,15166.08,18100.0,440.0,0.82,120.0,-674.2099999999991,0.6593325389758262
2024-06-26,Hybrid/Gig-Task,Undergraduate,Event Staff,0,74.87,8.3,4.8,3,4,1,811.72,431.4,10500.0,416.54,2024-06,14491.87,15166.08,18100.0,440.0,0.53,380.0,-674.2099999999991,1.1505362467217966
2024-06-27,Hybrid/Gig-Task,Undergraduate,Event Staff,0,74.71,8.3,2.9,3,2,1,811.79,436.65,10900.0,385.01,2024-06,14491.87,15166.08,18100.0,450.0,0.54,380.0,-674.2099999999991,1.15075480926656
2024-06-28,Hybrid/Gig-Task,Undergraduate,Delivery,0,75.59,7.9,3.8,1,4,1,347.07,173.87,4800.0,317.75,2024-06,14491.87,15166.08,18100.0,440.0,0.5,170.0,-674.2099999999991,-0.3002507021986525
2024-06-29,Hybrid/Gig-Task,Undergraduate,,0,75.68,8.0,0.0,0,0,0,0.0,565.18,-16400.0,317.75,2024-06,14491.87,15166.08,18100.0,440.0,inf,-570.0,-674.2099999999991,-1.3839150223575252
2024-06-30,Hybrid/Gig-Task,Undergraduate,Data Entry,0,74.8,8.2,5.1,1,5,1,776.47,553.9,6400.0,314.25,2024-06,14491.87,15166.08,18100.0,450.0,0.71,220.0,-674.2099999999991,1.0404743938229568
2024-07-01,Hybrid/Gig-Task,Undergraduate,,0,75.26,7.5,0.0,0,0,0,0.0,494.98,-13300.0,368.93,2024-07,12075.05,17013.98,24500.0,440.0,inf,-490.0,-4938.93,-1.3839150223575252
2024-07-02,Hybrid/Gig-Task,Undergraduate,Event Staff,0,75.21,8.2,5.7,1,3,1,812.12,3259.4,-67200.0,385.38,2024-07,12075.05,17013.98,24500.0,440.0,4.01,-2450.0,-4938.93,1.1517851755490174
2024-07-03,Hybrid/Gig-Task,Undergraduate,Event Staff,0,74.31,7.8,4.6,2,3,1,812.19,455.8,10000.0,385.45,2024-07,12075.05,17013.98,24500.0,440.0,0.56,360.0,-4938.93,1.152003738093781
2024-07-04,Hybrid/Gig-Task,Undergraduate,,0,74.68,7.9,0.0,0,0,0,0.0,553.28,-14900.0,400.81,2024-07,12075.05,17013.98,24500.0,440.0,inf,-550.0,-4938.93,-1.3839150223575252
2024-07-05,Hybrid/Gig-Task,Undergraduate,Delivery,0,75.03,7.7,2.1,1,2,1,191.91,119.18,2000.0,407.97,2024-07,12075.05,17013.98,24500.0,440.0,0.62,70.0,-4938.93,-0.7847101942776299
2024-07-06,Hybrid/Gig-Task,Undergraduate,Event Staff,0,75.28,8.2,4.3,2,1,1,812.39,478.87,9400.0,400.53,2024-07,12075.05,17013.98,24500.0,450.0,0.59,330.0,-4938.93,1.1526282025073913
2024-07-07,Hybrid/Gig-Task,Undergraduate,Delivery,0,74.96,7.9,2.5,4,1,1,228.5,105.74,3400.0,387.74,2024-07,12075.05,17013.98,24500.0,450.0,0.46,120.0,-4938.93,-0.6704644298076003
2024-07-08,Hybrid/Gig-Task,Undergraduate,Data Entry,0,74.42,7.6,4.8,4,5,1,731.27,488.38,6600.0,356.71,2024-07,12075.05,17013.98,24500.0,460.0,0.67,240.0,-4938.93,0.8993454363469979
2024-07-09,Hybrid/Gig-Task,Undergraduate,Delivery,0,75.32,8.1,5.9,4,5,1,539.36,161.79,11100.0,332.63,2024-07,12075.05,17013.98,24500.0,450.0,0.3,380.0,-4938.93,0.3001406082671027
2024-07-10,Hybrid/Gig-Task,Undergraduate,,0,75.28,7.7,0.0,0,0,0,0.0,434.63,-12400.0,336.5,2024-07,12075.05,17013.98,24500.0,450.0,inf,-430.0,-4938.93,-1.3839150223575252
2024-07-11,Hybrid/Gig-Task,Undergraduate,,0,75.12,7.5,0.0,0,0,0,0.0,512.53,-13800.0,336.5,2024-07,12075.05,17013.98,24500.0,440.0,inf,-510.0,-4938.93,-1.3839150223575252
2024-07-12,Hybrid/Gig-Task,Undergraduate,Event Staff,0,75.44,8.0,5.7,4,2,1,812.79,560.36,7300.0,366.06,2024-07,12075.05,17013.98,24500.0,450.0,0.69,250.0,-4938.93,1.1538771313346121
2024-07-13,Hybrid/Gig-Task,Undergraduate,Event Staff,0,74.92,7.7,3.8,1,1,1,812.86,513.76,8400.0,366.14,2024-07,12075.05,17013.98,24500.0,450.0,0.63,300.0,-4938.93,1.154095693879376
2024-07-14,Hybrid/Gig-Task,Undergraduate,Data Entry,0,75.3,7.7,3.1,3,5,1,472.51,534.62,-1700.0,353.33,2024-07,12075.05,17013.98,24500.0,450.0,1.13,-60.0,-4938.93,0.09141337801781386
2024-07-15,Hybrid/Gig-Task,Undergraduate,Delivery,0,75.15,8.2,3.3,1,3,1,301.82,142.25,4400.0,339.7,2024-07,12075.05,17013.98,24500.0,450.0,0.47,160.0,-4938.93,-0.441535775778014
2024-07-16,Hybrid/Gig-Task,Undergraduate,Data Entry,0,75.07,7.7,4.2,4,4,1,640.28,428.9,6100.0,347.67,2024-07,12075.05,17013.98,24500.0,450.0,0.67,210.0,-4938.93,0.6152453513749293
2024-07-17,Hybrid/Gig-Task,Undergraduate,,0,74.89,7.9,0.0,0,0,0,0.0,578.56,-16800.0,347.67,2024-07,12075.05,17013.98,24500.0,450.0,inf,-580.0,-4938.93,-1.3839150223575252
2024-07-18,Hybrid/Gig-Task,Undergraduate,Data Entry,0,75.14,7.7,2.7,1,5,1,411.68,589.06,-5000.0,292.38,2024-07,12075.05,17013.98,24500.0,450.0,1.43,-180.0,-4938.93,-0.09851747338180065
2024-07-19,Hybrid/Gig-Task,Undergraduate,Event Staff,0,75.9,8.1,4.2,4,2,1,813.26,480.06,9500.0,292.46,2024-07,12075.05,17013.98,24500.0,450.0,0.59,330.0,-4938.93,1.1553446227065969
2024-07-20,Hybrid/Gig-Task,Undergraduate,,0,74.96,7.4,0.0,0,0,0,0.0,483.27,-12900.0,305.47,2024-07,12075.05,17013.98,24500.0,450.0,inf,-480.0,-4938.93,-1.3839150223575252
2024-07-21,Hybrid/Gig-Task,Undergraduate,Data Entry,0,75.78,7.7,5.3,1,2,1,808.31,553.01,7000.0,346.56,2024-07,12075.05,17013.98,24500.0,460.0,0.68,260.0,-4938.93,1.1398891284697383
2024-07-22,Hybrid/Gig-Task,Undergraduate,,0,75.68,7.4,0.0,0,0,0,0.0,456.43,-12500.0,381.46,2024-07,12075.05,17013.98,24500.0,450.0,inf,-460.0,-4938.93,-1.3839150223575252
2024-07-23,Hybrid/Gig-Task,Undergraduate,Event Staff,0,75.75,7.6,5.7,4,3,1,813.53,621.86,5500.0,405.86,2024-07,12075.05,17013.98,24500.0,450.0,0.76,190.0,-4938.93,1.1561876496649708
2024-07-24,Hybrid/Gig-Task,Undergraduate,,0,75.69,7.8,0.0,0,0,0,0.0,592.85,-15800.0,405.86,2024-07,12075.05,17013.98,24500.0,450.0,inf,-590.0,-4938.93,-1.3839150223575252
2024-07-25,Hybrid/Gig-Task,Undergraduate,Delivery,0,74.86,7.7,2.0,3,1,1,183.07,133.16,1400.0,414.5,2024-07,12075.05,17013.98,24500.0,450.0,0.73,50.0,-4938.93,-0.8123115213592113
2024-07-26,Hybrid/Gig-Task,Undergraduate,,0,75.69,7.8,0.0,0,0,0,0.0,546.26,-15200.0,383.69,2024-07,12075.05,17013.98,24500.0,450.0,inf,-550.0,-4938.93,-1.3839150223575252
2024-07-27,Hybrid/Gig-Task,Undergraduate,,0,75.66,8.2,0.0,0,0,0,0.0,529.71,-14800.0,383.69,2024-07,12075.05,17013.98,24500.0,440.0,inf,-530.0,-4938.93,-1.3839150223575252
2024-07-28,Hybrid/Gig-Task,Undergraduate,Data Entry,0,74.6,8.1,4.2,3,4,1,640.92,448.62,5500.0,347.14,2024-07,12075.05,17013.98,24500.0,440.0,0.7,190.0,-4938.93,0.6172436374984827
2024-07-29,Hybrid/Gig-Task,Undergraduate,Data Entry,0,75.45,7.6,2.0,1,2,1,305.22,566.35,-7300.0,331.69,2024-07,12075.05,17013.98,24500.0,440.0,1.86,-260.0,-4938.93,-0.43091988074663645
2024-07-30,Hybrid/Gig-Task,Undergraduate,Data Entry,0,74.75,7.8,2.3,4,4,1,351.04,602.91,-7400.0,240.71,2024-07,12075.05,17013.98,24500.0,430.0,1.72,-250.0,-4938.93,-0.28785508358848527
2024-07-31,Hybrid/Gig-Task,Undergraduate,Data Entry,0,75.89,7.8,3.8,4,5,1,580.02,587.4,-200.0,255.19,2024-07,12075.05,17013.98,24500.0,430.0,1.01,-10.0,-4938.93,0.42709422355410454
2024-08-01,Hybrid/Gig-Task,Undergraduate,,0,76.2,7.5,0.0,0,0,0,0.0,542.72,-15800.0,276.94,2024-08,15700.57,18927.86,25000.0,430.0,inf,-540.0,-3227.290000000001,-1.3839150223575252
2024-08-02,Hybrid/Gig-Task,Undergraduate,Data Entry,0,75.45,7.5,4.8,3,4,1,732.78,609.51,3300.0,296.48,2024-08,15700.57,18927.86,25000.0,440.0,0.83,120.0,-3227.290000000001,0.9040601426697567
2024-08-03,Hybrid/Gig-Task,Undergraduate,Delivery,0,75.66,8.0,4.3,3,1,1,393.9,165.69,6100.0,247.21,2024-08,15700.57,18927.86,25000.0,440.0,0.42,230.0,-3227.290000000001,-0.15403235975176863
2024-08-04,Hybrid/Gig-Task,Undergraduate,Event Staff,0,75.28,7.3,3.9,1,5,1,814.33,602.44,5900.0,278.66,2024-08,15700.57,18927.86,25000.0,450.0,0.74,210.0,-3227.290000000001,1.1586855073194127
2024-08-05,Hybrid/Gig-Task,Undergraduate,Delivery,0,75.61,7.9,4.7,3,5,1,430.61,138.65,8500.0,271.44,2024-08,15700.57,18927.86,25000.0,450.0,0.32,290.0,-3227.290000000001,-0.03941191663357272
2024-08-06,Hybrid/Gig-Task,Undergraduate,,0,75.72,8.0,0.0,0,0,0,0.0,511.96,-14500.0,324.68,2024-08,15700.57,18927.86,25000.0,440.0,inf,-510.0,-3227.290000000001,-1.3839150223575252
2024-08-07,Hybrid/Gig-Task,Undergraduate,Event Staff,0,75.0,7.9,3.7,3,3,1,814.53,452.61,10300.0,354.48,2024-08,15700.57,18927.86,25000.0,440.0,0.56,360.0,-3227.290000000001,1.159309971733023
2024-08-08,Hybrid/Gig-Task,Undergraduate,Event Staff,0,76.15,7.4,4.9,3,1,1,814.6,548.67,7500.0,311.22,2024-08,15700.57,18927.86,25000.0,440.0,0.67,270.0,-3227.290000000001,1.1595285342777868
2024-08-09,Hybrid/Gig-Task,Undergraduate,Event Staff,0,75.73,7.7,5.2,1,3,1,814.66,518.52,7900.0,319.71,2024-08,15700.57,18927.86,25000.0,440.0,0.64,300.0,-3227.290000000001,1.1597158736018698
2024-08-10,Hybrid/Gig-Task,Undergraduate,Event Staff,0,75.54,7.9,3.0,3,3,1,814.73,2021.24,-34200.0,317.74,2024-08,15700.57,18927.86,25000.0,440.0,2.48,-1210.0,-3227.290000000001,1.1599344361466335
2024-08-11,Hybrid/Gig-Task,Undergraduate,Data Entry,0,75.36,7.7,4.6,3,2,1,702.76,471.75,6500.0,310.44,2024-08,15700.57,18927.86,25000.0,440.0,0.67,230.0,-3227.290000000001,0.8103280341868301
2024-08-12,Hybrid/Gig-Task,Undergraduate,Delivery,0,75.63,7.6,3.4,1,2,1,311.69,149.28,4700.0,325.88,2024-08,15700.57,18927.86,25000.0,440.0,0.48,160.0,-3227.290000000001,-0.4107184569663389
2024-08-13,Hybrid/Gig-Task,Undergraduate,,0,75.09,7.9,0.0,0,0,0,0.0,578.43,-16100.0,325.88,2024-08,15700.57,18927.86,25000.0,440.0,inf,-580.0,-3227.290000000001,-1.3839150223575252
2024-08-14,Hybrid/Gig-Task,Undergraduate,Data Entry,0,75.07,7.9,2.8,3,1,1,427.87,551.39,-3300.0,318.2,2024-08,15700.57,18927.86,25000.0,440.0,1.29,-120.0,-3227.290000000001,-0.04796707910003574
2024-08-15,Hybrid/Gig-Task,Undergraduate,Data Entry,1,75.89,7.5,3.9,4,3,1,596.02,517.02,2300.0,298.62,2024-08,15700.57,18927.86,25000.0,440.0,0.87,80.0,-3227.290000000001,0.4770513766429395
2024-08-16,Hybrid/Gig-Task,Undergraduate,Data Entry,0,75.34,8.0,3.5,4,4,1,534.93,473.25,1700.0,270.64,2024-08,15700.57,18927.86,25000.0,440.0,0.88,60.0,-3227.290000000001,0.2863087215056313
2024-08-17,Hybrid/Gig-Task,Undergraduate,Event Staff,0,75.2,7.7,5.7,4,4,1,815.2,560.06,7300.0,270.74,2024-08,15700.57,18927.86,25000.0,450.0,0.69,260.0,-3227.290000000001,1.1614019275186183
2024-08-18,Hybrid/Gig-Task,Undergraduate,Delivery,0,75.94,8.0,2.4,3,4,1,220.12,130.64,2400.0,267.19,2024-08,15700.57,18927.86,25000.0,450.0,0.59,90.0,-3227.290000000001,-0.6966294887378777
2024-08-19,Hybrid/Gig-Task,Undergraduate,Event Staff,0,75.6,7.7,3.1,1,3,1,815.33,555.05,7500.0,300.44,2024-08,15700.57,18927.86,25000.0,450.0,0.68,260.0,-3227.290000000001,1.161807829387465
2024-08-20,Hybrid/Gig-Task,Undergraduate,Data Entry,0,76.45,8.1,4.9,2,5,1,749.15,488.25,7100.0,220.93,2024-08,15700.57,18927.86,25000.0,460.0,0.65,260.0,-3227.290000000001,0.955172554923771
2024-08-21,Hybrid/Gig-Task,Undergraduate,Delivery,0,76.24,7.8,4.7,1,1,1,431.18,164.17,7700.0,220.52,2024-08,15700.57,18927.86,25000.0,470.0,0.38,270.0,-3227.290000000001,-0.03763219305478299
2024-08-22,Hybrid/Gig-Task,Undergraduate,Event Staff,0,75.37,7.6,2.9,3,3,1,815.53,4022.51,-91700.0,235.84,2024-08,15700.57,18927.86,25000.0,470.0,4.93,-3210.0,-3227.290000000001,1.1624322938010752
2024-08-23,Hybrid/Gig-Task,Undergraduate,Data Entry,0,76.05,7.9,5.8,1,1,1,886.97,436.22,12500.0,250.29,2024-08,15700.57,18927.86,25000.0,480.0,0.49,450.0,-3227.290000000001,1.3854909823427237
2024-08-24,Hybrid/Gig-Task,Undergraduate,Data Entry,0,76.5,7.9,5.6,2,3,1,856.45,480.25,10000.0,254.56,2024-08,15700.57,18927.86,25000.0,480.0,0.56,380.0,-3227.290000000001,1.290197712825771
2024-08-25,Hybrid/Gig-Task,Undergraduate,,0,75.07,8.0,0.0,0,0,0,0.0,612.2,-17000.0,324.99,2024-08,15700.57,18927.86,25000.0,470.0,inf,-610.0,-3227.290000000001,-1.3839150223575252
2024-08-26,Hybrid/Gig-Task,Undergraduate,Event Staff,0,75.33,7.7,3.0,1,3,1,815.8,580.92,6500.0,325.03,2024-08,15700.57,18927.86,25000.0,480.0,0.71,230.0,-3227.290000000001,1.1632753207594493
2024-08-27,Hybrid/Gig-Task,Undergraduate,Delivery,0,75.97,8.2,3.0,3,2,1,275.36,134.0,4200.0,349.53,2024-08,15700.57,18927.86,25000.0,470.0,0.49,140.0,-3227.290000000001,-0.5241524176986748
2024-08-28,Hybrid/Gig-Task,Undergraduate,,0,77.42,7.9,0.0,0,0,0,0.0,456.53,-12300.0,412.98,2024-08,15700.57,18927.86,25000.0,460.0,inf,-460.0,-3227.290000000001,-1.3839150223575252
2024-08-29,Hybrid/Gig-Task,Undergraduate,,0,75.79,7.9,0.0,0,0,0,0.0,465.0,-13700.0,430.84,2024-08,15700.57,18927.86,25000.0,460.0,inf,-460.0,-3227.290000000001,-1.3839150223575252
2024-08-30,Hybrid/Gig-Task,Undergraduate,Event Staff,0,76.34,7.7,2.4,1,1,1,816.07,538.42,7700.0,418.27,2024-08,15700.57,18927.86,25000.0,460.0,0.66,280.0,-3227.290000000001,1.1641183477178236
2024-08-31,Hybrid/Gig-Task,Undergraduate,,0,76.81,7.8,0.0,0,0,0,0.0,450.51,-13300.0,384.64,2024-08,15700.57,18927.86,25000.0,460.0,inf,-450.0,-3227.290000000001,-1.3839150223575252
2024-09-01,Hybrid/Gig-Task,Undergraduate,,0,76.18,7.9,0.0,0,0,0,0.0,474.7,-14000.0,384.64,2024-09,14548.96,12524.36,15800.0,460.0,inf,-470.0,2024.5999999999985,-1.3839150223575252
2024-09-02,Hybrid/Gig-Task,Undergraduate,Delivery,0,76.15,8.0,4.1,4,4,1,376.51,155.12,6400.0,309.76,2024-09,14548.96,12524.36,15800.0,460.0,0.41,220.0,2024.5999999999985,-0.20832954051519614
2024-09-03,Hybrid/Gig-Task,Undergraduate,Delivery,0,75.65,7.7,4.2,1,4,1,385.72,189.74,5500.0,316.4,2024-09,14548.96,12524.36,15800.0,460.0,0.49,200.0,2024.5999999999985,-0.17957295426843536
2024-09-04,Hybrid/Gig-Task,Undergraduate,Event Staff,0,75.42,7.9,3.3,3,4,1,816.41,430.94,11000.0,366.01,2024-09,14548.96,12524.36,15800.0,470.0,0.53,390.0,2024.5999999999985,1.165179937220961
2024-09-05,Hybrid/Gig-Task,Undergraduate,Event Staff,0,76.38,7.9,4.1,3,1,1,816.47,595.67,6000.0,368.91,2024-09,14548.96,12524.36,15800.0,470.0,0.73,220.0,2024.5999999999985,1.1653672765450445
2024-09-06,Hybrid/Gig-Task,Undergraduate,Data Entry,0,76.84,7.8,2.7,1,4,1,413.37,558.02,-4000.0,333.61,2024-09,14548.96,12524.36,15800.0,460.0,1.35,-140.0,2024.5999999999985,-0.09324074908679246
2024-09-07,Hybrid/Gig-Task,Undergraduate,Delivery,0,76.35,7.6,4.5,3,4,1,413.41,139.53,7900.0,283.59,2024-09,14548.96,12524.36,15800.0,460.0,0.34,270.0,2024.5999999999985,-0.09311585620407031
2024-09-08,Hybrid/Gig-Task,Undergraduate,Data Entry,0,75.84,7.9,2.1,1,5,1,321.57,470.09,-4300.0,214.14,2024-09,14548.96,12524.36,15800.0,460.0,1.46,-150.0,2024.5999999999985,-0.3798699149339833
2024-09-09,Hybrid/Gig-Task,Undergraduate,Event Staff,0,76.48,7.7,4.0,4,1,1,816.74,427.15,11300.0,233.48,2024-09,14548.96,12524.36,15800.0,470.0,0.52,390.0,2024.5999999999985,1.1662103035034184
2024-09-10,Hybrid/Gig-Task,Undergraduate,Delivery,0,76.03,7.5,3.6,2,5,1,330.81,146.96,5400.0,241.45,2024-09,14548.96,12524.36,15800.0,460.0,0.44,180.0,2024.5999999999985,-0.35101965902518106
2024-09-11,Hybrid/Gig-Task,Undergraduate,Data Entry,0,75.9,8.0,5.0,2,1,1,765.82,427.31,9700.0,233.16,2024-09,14548.96,12524.36,15800.0,470.0,0.56,340.0,2024.5999999999985,1.0072216637982012
2024-09-12,Hybrid/Gig-Task,Undergraduate,,0,76.39,7.9,0.0,0,0,0,0.0,610.12,-16600.0,279.59,2024-09,14548.96,12524.36,15800.0,460.0,inf,-610.0,2024.5999999999985,-1.3839150223575252
2024-09-13,Hybrid/Gig-Task,Undergraduate,Data Entry,0,76.14,7.8,2.1,1,3,1,321.7,592.38,-7700.0,283.02,2024-09,14548.96,12524.36,15800.0,460.0,1.84,-270.0,2024.5999999999985,-0.37946401306513655
2024-09-14,Hybrid/Gig-Task,Undergraduate,Delivery,0,75.8,7.9,5.3,1,1,1,487.18,181.74,8300.0,283.92,2024-09,14548.96,12524.36,15800.0,450.0,0.37,310.0,2024.5999999999985,0.13721784275613952
2024-09-15,Hybrid/Gig-Task,Undergraduate,Data Entry,0,76.35,7.9,3.7,4,3,1,566.89,445.5,3400.0,282.75,2024-09,14548.96,12524.36,15800.0,450.0,0.79,120.0,2024.5999999999985,0.3860981348005793
2024-09-16,Hybrid/Gig-Task,Undergraduate,Event Staff,0,75.9,7.4,5.3,2,1,1,817.21,545.43,7300.0,282.85,2024-09,14548.96,12524.36,15800.0,450.0,0.67,270.0,2024.5999999999985,1.1676777948754031
2024-09-17,Hybrid/Gig-Task,Undergraduate,Data Entry,0,76.72,7.7,5.0,2,3,1,766.2,537.12,6700.0,294.77,2024-09,14548.96,12524.36,15800.0,460.0,0.7,230.0,2024.5999999999985,1.008408146184061
2024-09-18,Hybrid/Gig-Task,Undergraduate,Delivery,0,75.76,7.9,2.5,4,2,1,229.88,103.03,3400.0,293.56,2024-09,14548.96,12524.36,15800.0,460.0,0.45,130.0,2024.5999999999985,-0.6661556253536883
2024-09-19,Hybrid/Gig-Task,Undergraduate,Data Entry,0,76.01,8.0,5.7,3,4,1,873.61,566.77,8600.0,250.08,2024-09,14548.96,12524.36,15800.0,470.0,0.65,310.0,2024.5999999999985,1.3437767595135464
2024-09-20,Hybrid/Gig-Task,Undergraduate,Data Entry,0,76.53,7.9,2.8,3,5,1,429.18,515.35,-2300.0,234.35,2024-09,14548.96,12524.36,15800.0,470.0,1.2,-90.0,2024.5999999999985,-0.04387683719088736
2024-09-21,Hybrid/Gig-Task,Undergraduate,Delivery,0,75.55,8.0,4.4,4,5,1,404.69,194.61,6100.0,242.65,2024-09,14548.96,12524.36,15800.0,470.0,0.48,210.0,2024.5999999999985,-0.12034250463748547
2024-09-22,Hybrid/Gig-Task,Undergraduate,Event Staff,0,76.38,7.7,3.7,2,2,1,817.62,446.1,9900.0,257.75,2024-09,14548.96,12524.36,15800.0,470.0,0.55,370.0,2024.5999999999985,1.1689579469233045
2024-09-23,Hybrid/Gig-Task,Undergraduate,Event Staff,0,76.34,7.4,5.5,2,4,1,817.68,582.99,6400.0,257.81,2024-09,14548.96,12524.36,15800.0,470.0,0.71,230.0,2024.5999999999985,1.1691452862473872
2024-09-24,Hybrid/Gig-Task,Undergraduate,Data Entry,0,76.49,7.6,2.5,2,4,1,383.32,526.27,-4200.0,262.16,2024-09,14548.96,12524.36,15800.0,470.0,1.37,-140.0,2024.5999999999985,-0.18706652723176073
2024-09-25,Hybrid/Gig-Task,Undergraduate,Delivery,0,75.62,7.5,4.6,3,2,1,423.22,164.23,7500.0,229.04,2024-09,14548.96,12524.36,15800.0,460.0,0.39,260.0,2024.5999999999985,-0.06248587671647834
2024-09-26,Hybrid/Gig-Task,Undergraduate,,0,76.87,7.7,0.0,0,0,0,0.0,430.65,-12700.0,282.32,2024-09,14548.96,12524.36,15800.0,460.0,inf,-430.0,2024.5999999999985,-1.3839150223575252
2024-09-27,Hybrid/Gig-Task,Undergraduate,Data Entry,0,77.1,7.7,2.6,1,4,1,398.75,529.73,-3600.0,283.25,2024-09,14548.96,12524.36,15800.0,460.0,1.33,-130.0,2024.5999999999985,-0.13888909772171545
2024-09-28,Hybrid/Gig-Task,Undergraduate,,0,75.49,7.6,0.0,0,0,0,0.0,546.68,-14800.0,334.03,2024-09,14548.96,12524.36,15800.0,460.0,inf,-550.0,2024.5999999999985,-1.3839150223575252
2024-09-29,Hybrid/Gig-Task,Undergraduate,Event Staff,0,76.98,7.8,2.9,1,3,1,818.09,469.88,9700.0,334.12,2024-09,14548.96,12524.36,15800.0,460.0,0.57,350.0,2024.5999999999985,1.170425438295289
2024-09-30,Hybrid/Gig-Task,Undergraduate,Data Entry,0,76.1,7.8,3.5,2,1,1,536.91,520.55,500.0,290.45,2024-09,14548.96,12524.36,15800.0,460.0,0.97,20.0,2024.5999999999985,0.2924909192003747
2024-10-01,Hybrid/Gig-Task,Undergraduate,Data Entry,0,76.66,8.0,2.9,4,2,1,444.91,502.73,-1700.0,292.0,2024-10,14096.4,20199.39,29300.0,460.0,1.13,-60.0,-6102.99,0.0052372889395736
2024-10-02,Hybrid/Gig-Task,Undergraduate,Event Staff,1,77.15,7.7,5.9,2,3,1,818.29,448.01,9900.0,337.59,2024-10,14096.4,20199.39,29300.0,470.0,0.55,370.0,-6102.99,1.1710499027088992
2024-10-03,Hybrid/Gig-Task,Undergraduate,Data Entry,0,75.78,7.7,2.4,4,4,1,368.26,510.31,-3900.0,283.61,2024-10,14096.4,20199.39,29300.0,470.0,1.39,-140.0,-6102.99,-0.23408869757662668
2024-10-04,Hybrid/Gig-Task,Undergraduate,Event Staff,0,76.59,7.6,4.4,2,5,1,818.42,626.41,5100.0,306.15,2024-10,14096.4,20199.39,29300.0,470.0,0.77,190.0,-6102.99,1.171455804577746
2024-10-05,Hybrid/Gig-Task,Undergraduate,,0,75.99,7.9,0.0,0,0,0,0.0,603.32,-16900.0,306.15,2024-10,14096.4,20199.39,29300.0,470.0,inf,-600.0,-6102.99,-1.3839150223575252
2024-10-06,Hybrid/Gig-Task,Undergraduate,,0,76.46,7.8,0.0,0,0,0,0.0,481.06,-13900.0,338.34,2024-10,14096.4,20199.39,29300.0,460.0,inf,-480.0,-6102.99,-1.3839150223575252
2024-10-07,Hybrid/Gig-Task,Undergraduate,Data Entry,0,76.12,7.8,3.0,4,5,1,460.48,468.49,-200.0,335.41,2024-10,14096.4,20199.39,29300.0,460.0,1.02,-10.0,-6102.99,0.05385184353914614
2024-10-08,Hybrid/Gig-Task,Undergraduate,Delivery,0,76.06,8.0,3.7,1,1,1,340.78,182.58,4400.0,336.21,2024-10,14096.4,20199.39,29300.0,460.0,0.54,160.0,-6102.99,-0.31989010800670087
2024-10-09,Hybrid/Gig-Task,Undergraduate,,0,77.05,7.4,0.0,0,0,0,0.0,534.12,-15500.0,307.96,2024-10,14096.4,20199.39,29300.0,460.0,inf,-530.0,-6102.99,-1.3839150223575252
2024-10-10,Hybrid/Gig-Task,Undergraduate,Delivery,0,76.08,7.5,3.8,2,1,1,350.05,7227.79,-184900.0,307.21,2024-10,14096.4,20199.39,29300.0,460.0,20.65,-6880.0,-6102.99,-0.29094618243585696
2024-10-11,Hybrid/Gig-Task,Undergraduate,Event Staff,0,76.24,7.8,3.0,1,1,1,818.89,523.76,8500.0,307.34,2024-10,14096.4,20199.39,29300.0,460.0,0.64,300.0,-6102.99,1.1729232959497307
2024-10-12,Hybrid/Gig-Task,Undergraduate,Delivery,0,75.86,7.6,5.9,4,2,1,543.58,223.91,9300.0,292.7,2024-10,14096.4,20199.39,29300.0,460.0,0.41,320.0,-6102.99,0.31331680739428297
2024-10-13,Hybrid/Gig-Task,Undergraduate,Event Staff,0,76.09,7.8,4.5,1,1,1,819.03,503.89,8900.0,288.9,2024-10,14096.4,20199.39,29300.0,460.0,0.62,320.0,-6102.99,1.1733604210392579
2024-10-14,Hybrid/Gig-Task,Undergraduate,Event Staff,0,76.65,7.7,3.7,3,5,1,819.09,536.74,8200.0,316.17,2024-10,14096.4,20199.39,29300.0,460.0,0.66,280.0,-6102.99,1.173547760363341
2024-10-15,Hybrid/Gig-Task,Undergraduate,Delivery,0,76.72,7.7,4.5,3,1,1,414.7,170.14,6800.0,310.08,2024-10,14096.4,20199.39,29300.0,470.0,0.41,240.0,-6102.99,-0.0890880607362831
2024-10-16,Hybrid/Gig-Task,Undergraduate,Delivery,0,76.51,8.1,2.4,3,4,1,221.19,134.24,2400.0,251.95,2024-10,14096.4,20199.39,29300.0,470.0,0.61,90.0,-6102.99,-0.6932886041250619
2024-10-17,Hybrid/Gig-Task,Undergraduate,Delivery,0,77.33,7.5,4.2,2,2,1,387.12,195.58,5100.0,246.91,2024-10,14096.4,20199.39,29300.0,460.0,0.51,190.0,-6102.99,-0.17520170337316238
2024-10-18,Hybrid/Gig-Task,Undergraduate,,0,77.09,8.0,0.0,0,0,0,0.0,578.39,-16900.0,300.22,2024-10,14096.4,20199.39,29300.0,460.0,inf,-580.0,-6102.99,-1.3839150223575252
2024-10-19,Hybrid/Gig-Task,Undergraduate,Data Entry,0,76.11,8.0,5.0,2,3,1,768.22,498.13,7700.0,322.12,2024-10,14096.4,20199.39,29300.0,460.0,0.65,270.0,-6102.99,1.0147152367615264
2024-10-20,Hybrid/Gig-Task,Undergraduate,Event Staff,0,77.47,7.6,2.2,3,3,1,819.5,518.32,8800.0,322.2,2024-10,14096.4,20199.39,29300.0,470.0,0.63,300.0,-6102.99,1.1748279124112424
2024-10-21,Hybrid/Gig-Task,Undergraduate,,0,76.26,8.0,0.0,0,0,0,0.0,573.43,-16200.0,331.36,2024-10,14096.4,20199.39,29300.0,460.0,inf,-570.0,-6102.99,-1.3839150223575252
2024-10-22,Hybrid/Gig-Task,Undergraduate,Event Staff,0,76.87,7.9,3.8,3,1,1,819.63,463.49,9500.0,372.64,2024-10,14096.4,20199.39,29300.0,470.0,0.57,360.0,-6102.99,1.1752338142800893
2024-10-23,Hybrid/Gig-Task,Undergraduate,,0,76.92,7.9,0.0,0,0,0,0.0,613.87,-18100.0,401.63,2024-10,14096.4,20199.39,29300.0,470.0,inf,-610.0,-6102.99,-1.3839150223575252
2024-10-24,Hybrid/Gig-Task,Undergraduate,Delivery,0,76.1,8.0,2.7,1,2,1,249.0,133.38,3300.0,405.69,2024-10,14096.4,20199.39,29300.0,470.0,0.54,120.0,-6102.99,-0.6064568274125305
2024-10-25,Hybrid/Gig-Task,Undergraduate,Delivery,0,77.37,7.8,3.2,2,4,1,295.14,135.53,4600.0,373.76,2024-10,14096.4,20199.39,29300.0,470.0,0.46,160.0,-6102.99,-0.46239288719260263
2024-10-26,Hybrid/Gig-Task,Undergraduate,Event Staff,0,76.78,7.5,2.8,1,2,1,819.9,600.46,6000.0,382.16,2024-10,14096.4,20199.39,29300.0,480.0,0.73,220.0,-6102.99,1.1760768412384632
2024-10-27,Hybrid/Gig-Task,Undergraduate,Event Staff,0,77.07,7.9,4.6,3,4,1,819.97,549.73,7900.0,382.24,2024-10,14096.4,20199.39,29300.0,480.0,0.67,270.0,-6102.99,1.1762954037832272
2024-10-28,Hybrid/Gig-Task,Undergraduate,,1,76.8,8.0,0.0,0,0,0,0.0,521.23,-15300.0,382.24,2024-10,14096.4,20199.39,29300.0,480.0,inf,-520.0,-6102.99,-1.3839150223575252
2024-10-29,Hybrid/Gig-Task,Undergraduate,Event Staff,0,76.68,7.9,2.7,3,2,1,820.11,526.63,8500.0,382.32,2024-10,14096.4,20199.39,29300.0,480.0,0.64,290.0,-6102.99,1.1767325288727544
2024-10-30,Hybrid/Gig-Task,Undergraduate,Delivery,0,76.35,7.8,2.6,3,4,1,239.9,155.79,2300.0,346.52,2024-10,14096.4,20199.39,29300.0,480.0,0.65,80.0,-6102.99,-0.6348699582318055
2024-10-31,Hybrid/Gig-Task,Undergraduate,Event Staff,0,76.79,7.8,2.7,2,2,1,820.24,457.93,10800.0,354.77,2024-10,14096.4,20199.39,29300.0,480.0,0.56,360.0,-6102.99,1.177138430741601
2024-11-01,Hybrid/Gig-Task,Undergraduate,Data Entry,0,76.71,7.8,3.8,3,2,1,584.47,467.56,3300.0,337.22,2024-11,16389.95,20896.72,28500.0,490.0,0.8,120.0,-4506.77,0.4409885567569369
2024-11-02,Hybrid/Gig-Task,Undergraduate,Event Staff,0,77.32,7.7,2.6,4,5,1,820.37,630.96,5100.0,337.28,2024-11,16389.95,20896.72,28500.0,490.0,0.77,190.0,-4506.77,1.1775443326104478
2024-11-03,Hybrid/Gig-Task,Undergraduate,Delivery,0,76.12,8.1,3.6,4,2,1,332.28,178.19,4200.0,331.31,2024-11,16389.95,20896.72,28500.0,490.0,0.54,150.0,-4506.77,-0.34642984558514445
2024-11-04,Hybrid/Gig-Task,Undergraduate,Event Staff,0,77.63,7.5,4.6,3,4,1,820.51,614.23,6000.0,254.18,2024-11,16389.95,20896.72,28500.0,490.0,0.75,210.0,-4506.77,1.1779814576999752
2024-11-05,Hybrid/Gig-Task,Undergraduate,Data Entry,0,77.3,7.7,5.2,4,3,1,800.06,570.84,6700.0,251.84,2024-11,16389.95,20896.72,28500.0,490.0,0.71,230.0,-4506.77,1.1141299714083077
2024-11-06,Hybrid/Gig-Task,Undergraduate,Data Entry,0,77.1,7.9,4.7,1,3,1,723.19,429.81,8000.0,183.75,2024-11,16389.95,20896.72,28500.0,490.0,0.59,290.0,-4506.77,0.8741170740371365
2024-11-07,Hybrid/Gig-Task,Undergraduate,Event Staff,0,76.87,7.6,2.4,1,5,1,820.71,560.45,7100.0,183.8,2024-11,16389.95,20896.72,28500.0,490.0,0.68,260.0,-4506.77,1.1786059221135856
2024-11-08,Hybrid/Gig-Task,Undergraduate,Event Staff,0,76.65,7.6,2.8,1,5,1,820.78,605.14,6400.0,180.67,2024-11,16389.95,20896.72,28500.0,490.0,0.74,220.0,-4506.77,1.178824484658349
2024-11-09,Hybrid/Gig-Task,Undergraduate,,0,76.6,7.8,0.0,0,0,0,0.0,466.16,-13200.0,324.29,2024-11,16389.95,20896.72,28500.0,490.0,inf,-470.0,-4506.77,-1.3839150223575252
2024-11-10,Hybrid/Gig-Task,Undergraduate,Delivery,0,76.67,7.9,5.6,3,4,1,517.18,164.62,9800.0,304.16,2024-11,16389.95,20896.72,28500.0,490.0,0.32,350.0,-4506.77,0.23088750479770495
2024-11-11,Hybrid/Gig-Task,Undergraduate,Event Staff,0,77.79,7.7,2.0,3,3,1,820.98,490.77,9300.0,304.2,2024-11,16389.95,20896.72,28500.0,500.0,0.6,330.0,-4506.77,1.1794489490719597
2024-11-12,Hybrid/Gig-Task,Undergraduate,Data Entry,0,77.18,7.9,4.9,4,4,1,754.34,596.05,4600.0,300.75,2024-11,16389.95,20896.72,28500.0,500.0,0.79,160.0,-4506.77,0.971377406456962
2024-11-13,Hybrid/Gig-Task,Undergraduate,,0,77.31,7.8,0.0,0,0,0,0.0,580.22,-16900.0,379.9,2024-11,16389.95,20896.72,28500.0,490.0,inf,-580.0,-4506.77,-1.3839150223575252
2024-11-14,Hybrid/Gig-Task,Undergraduate,Delivery,0,77.46,7.9,2.6,3,4,1,240.2,159.43,2200.0,369.97,2024-11,16389.95,20896.72,28500.0,490.0,0.66,80.0,-4506.77,-0.6339332616113899
2024-11-15,Hybrid/Gig-Task,Undergraduate,,1,76.49,8.0,0.0,0,0,0,0.0,444.37,-13100.0,363.05,2024-11,16389.95,20896.72,28500.0,480.0,inf,-440.0,-4506.77,-1.3839150223575252
2024-11-16,Hybrid/Gig-Task,Undergraduate,,0,77.57,7.6,0.0,0,0,0,0.0,462.53,-13100.0,363.05,2024-11,16389.95,20896.72,28500.0,480.0,inf,-460.0,-4506.77,-1.3839150223575252
2024-11-17,Hybrid/Gig-Task,Undergraduate,Data Entry,0,77.16,7.9,2.8,4,3,1,431.23,6921.19,-178100.0,357.2,2024-11,16389.95,20896.72,28500.0,480.0,16.05,-6490.0,-4506.77,-0.03747607695138035
2024-11-18,Hybrid/Gig-Task,Undergraduate,,0,77.05,8.0,0.0,0,0,0,0.0,473.34,-12800.0,295.04,2024-11,16389.95,20896.72,28500.0,470.0,inf,-470.0,-4506.77,-1.3839150223575252
2024-11-19,Hybrid/Gig-Task,Undergraduate,Event Staff,0,78.35,7.6,5.8,4,1,1,821.52,564.93,7100.0,316.26,2024-11,16389.95,20896.72,28500.0,470.0,0.69,260.0,-4506.77,1.1811350029887078
2024-11-20,Hybrid/Gig-Task,Undergraduate,,0,76.5,7.9,0.0,0,0,0,0.0,618.24,-16400.0,316.26,2024-11,16389.95,20896.72,28500.0,460.0,inf,-620.0,-4506.77,-1.3839150223575252
2024-11-21,Hybrid/Gig-Task,Undergraduate,Event Staff,0,77.56,7.8,4.0,1,5,1,821.66,584.3,6700.0,391.84,2024-11,16389.95,20896.72,28500.0,460.0,0.71,240.0,-4506.77,1.181572128078235
2024-11-22,Hybrid/Gig-Task,Undergraduate,Event Staff,0,77.94,7.5,4.5,4,1,1,821.72,505.64,8400.0,410.89,2024-11,16389.95,20896.72,28500.0,460.0,0.62,320.0,-4506.77,1.1817594674023184
2024-11-23,Hybrid/Gig-Task,Undergraduate,Event Staff,0,77.58,7.7,2.7,1,2,1,821.79,494.03,8800.0,389.84,2024-11,16389.95,20896.72,28500.0,470.0,0.6,330.0,-4506.77,1.181978029947082
2024-11-24,Hybrid/Gig-Task,Undergraduate,Data Entry,0,78.11,8.2,2.2,3,4,1,339.02,561.21,-5900.0,395.3,2024-11,16389.95,20896.72,28500.0,460.0,1.66,-220.0,-4506.77,-0.32538539484647266
2024-11-25,Hybrid/Gig-Task,Undergraduate,Event Staff,0,76.88,7.7,4.1,1,5,1,821.93,467.59,10300.0,332.96,2024-11,16389.95,20896.72,28500.0,470.0,0.57,350.0,-4506.77,1.182415155036609
2024-11-26,Hybrid/Gig-Task,Undergraduate,Data Entry,0,77.71,7.7,4.2,3,3,1,647.32,483.66,4500.0,323.09,2024-11,16389.95,20896.72,28500.0,480.0,0.75,160.0,-4506.77,0.6372264987340169
2024-11-27,Hybrid/Gig-Task,Undergraduate,Event Staff,0,77.27,7.8,5.3,1,2,1,822.06,537.03,8000.0,183.41,2024-11,16389.95,20896.72,28500.0,490.0,0.65,290.0,-4506.77,1.1828210569054558
2024-11-28,Hybrid/Gig-Task,Undergraduate,Event Staff,0,76.35,7.8,5.7,2,1,1,822.13,473.19,10200.0,183.45,2024-11,16389.95,20896.72,28500.0,490.0,0.58,350.0,-4506.77,1.1830396194502197
2024-11-29,Hybrid/Gig-Task,Undergraduate,Delivery,0,76.98,7.7,3.7,1,1,1,342.24,174.81,4700.0,226.97,2024-11,16389.95,20896.72,28500.0,490.0,0.51,170.0,-4506.77,-0.31533151778734453
2024-11-30,Hybrid/Gig-Task,Undergraduate,Event Staff,0,78.06,7.5,4.8,2,4,1,822.26,616.23,6000.0,227.03,2024-11,16389.95,20896.72,28500.0,500.0,0.75,210.0,-4506.77,1.1834455213190664
2024-12-01,Hybrid/Gig-Task,Undergraduate,Event Staff,0,77.78,7.7,2.7,3,1,1,822.33,585.43,6400.0,182.41,2024-12,9476.01,12096.39,16500.0,510.0,0.71,240.0,-2620.379999999999,1.1836640838638304
2024-12-02,Hybrid/Gig-Task,Undergraduate,Data Entry,0,77.25,8.0,4.8,3,2,1,740.16,471.42,7500.0,178.0,2024-12,9476.01,12096.39,16500.0,510.0,0.64,270.0,-2620.379999999999,0.9271028795319818
2024-12-03,Hybrid/Gig-Task,Undergraduate,Delivery,0,77.57,7.9,2.3,4,4,1,212.81,104.54,3100.0,262.18,2024-12,9476.01,12096.39,16500.0,500.0,0.49,110.0,-2620.379999999999,-0.7194536630553392
2024-12-04,Hybrid/Gig-Task,Undergraduate,Delivery,0,77.9,7.7,3.9,3,1,1,360.89,132.3,6600.0,270.95,2024-12,9476.01,12096.39,16500.0,500.0,0.37,230.0,-2620.379999999999,-0.25710021121817134
2024-12-05,Hybrid/Gig-Task,Undergraduate,Delivery,0,77.13,7.6,5.7,2,5,1,527.49,226.24,8300.0,250.84,2024-12,9476.01,12096.39,16500.0,500.0,0.43,300.0,-2620.379999999999,0.2630786453193232
2024-12-06,Hybrid/Gig-Task,Undergraduate,Delivery,0,77.04,8.4,2.6,3,5,1,240.63,125.95,3200.0,267.07,2024-12,9476.01,12096.39,16500.0,500.0,0.52,110.0,-2620.379999999999,-0.6325906631221274
2024-12-07,Hybrid/Gig-Task,Undergraduate,Data Entry,0,78.09,7.5,4.0,1,1,1,617.05,602.11,400.0,239.81,2024-12,9476.01,12096.39,16500.0,500.0,0.98,10.0,-2620.379999999999,0.5427138097340769
2024-12-08,Hybrid/Gig-Task,Undergraduate,Data Entry,0,76.82,7.9,5.9,2,5,1,910.23,428.18,14200.0,260.71,2024-12,9476.01,12096.39,16500.0,500.0,0.47,480.0,-2620.379999999999,1.4581161936456175
2024-12-09,Hybrid/Gig-Task,Undergraduate,,0,77.77,7.9,0.0,0,0,0,0.0,505.16,-14100.0,301.38,2024-12,9476.01,12096.39,16500.0,500.0,inf,-510.0,-2620.379999999999,-1.3839150223575252
2024-12-10,Hybrid/Gig-Task,Undergraduate,Delivery,0,77.39,7.8,2.7,3,4,1,249.97,132.46,3300.0,297.64,2024-12,9476.01,12096.39,16500.0,490.0,0.53,120.0,-2620.379999999999,-0.6034281750065199
2024-12-11,Hybrid/Gig-Task,Undergraduate,Event Staff,0,77.69,7.8,2.5,1,5,1,823.01,456.2,10500.0,332.76,2024-12,9476.01,12096.39,16500.0,500.0,0.55,370.0,-2620.379999999999,1.1857872628701056
2024-12-12,Hybrid/Gig-Task,Undergraduate,Delivery,0,76.43,7.8,2.3,4,1,1,212.97,121.82,2600.0,346.43,2024-12,9476.01,12096.39,16500.0,500.0,0.57,90.0,-2620.379999999999,-0.7189540915244509
2024-12-13,Hybrid/Gig-Task,Undergraduate,,0,77.13,7.8,0.0,0,0,0,0.0,475.62,-14100.0,379.44,2024-12,9476.01,12096.39,16500.0,490.0,inf,-480.0,-2620.379999999999,-1.3839150223575252
2024-12-14,Hybrid/Gig-Task,Undergraduate,,0,79.07,7.9,0.0,0,0,0,0.0,468.23,-13700.0,392.57,2024-12,9476.01,12096.39,16500.0,490.0,inf,-470.0,-2620.379999999999,-1.3839150223575252
2024-12-15,Hybrid/Gig-Task,Undergraduate,,0,77.43,8.0,0.0,0,0,0,0.0,628.7,-16700.0,302.48,2024-12,9476.01,12096.39,16500.0,480.0,inf,-630.0,-2620.379999999999,-1.3839150223575252
2024-12-16,Hybrid/Gig-Task,Undergraduate,,0,77.85,7.9,0.0,0,0,0,0.0,571.07,-16100.0,302.48,2024-12,9476.01,12096.39,16500.0,470.0,inf,-570.0,-2620.379999999999,-1.3839150223575252
2024-12-17,Hybrid/Gig-Task,Undergraduate,Delivery,0,77.93,8.2,2.5,4,4,1,231.59,143.33,2500.0,301.88,2024-12,9476.01,12096.39,16500.0,470.0,0.62,90.0,-2620.379999999999,-0.6608164546173191
2024-12-18,Hybrid/Gig-Task,Undergraduate,Data Entry,0,77.07,7.9,2.3,2,3,1,355.13,470.73,-3200.0,149.3,2024-12,9476.01,12096.39,16500.0,460.0,1.33,-120.0,-2620.379999999999,-0.2750847863301519
2024-12-19,Hybrid/Gig-Task,Undergraduate,Data Entry,0,77.19,7.9,5.4,4,3,1,833.84,591.73,6900.0,312.72,2024-12,9476.01,12096.39,16500.0,470.0,0.71,240.0,-2620.379999999999,1.2196020108671108
2024-12-20,Hybrid/Gig-Task,Undergraduate,,0,77.21,7.7,0.0,0,0,0,0.0,504.08,-14900.0,312.72,2024-12,9476.01,12096.39,16500.0,460.0,inf,-500.0,-2620.379999999999,-1.3839150223575252
2024-12-21,Hybrid/Gig-Task,Undergraduate,,0,77.54,8.0,0.0,0,0,0,0.0,537.36,-15000.0,312.72,2024-12,9476.01,12096.39,16500.0,460.0,inf,-540.0,-2620.379999999999,-1.3839150223575252
2024-12-22,Hybrid/Gig-Task,Undergraduate,Delivery,0,78.16,7.6,3.0,4,2,1,278.02,150.96,3400.0,300.05,2024-12,9476.01,12096.39,16500.0,450.0,0.54,130.0,-2620.379999999999,-0.5158470409976561
2024-12-23,Hybrid/Gig-Task,Undergraduate,Delivery,0,77.74,7.7,5.3,4,1,1,491.2,223.81,7700.0,291.15,2024-12,9476.01,12096.39,16500.0,450.0,0.46,270.0,-2620.379999999999,0.14976957746970926
2024-12-24,Hybrid/Gig-Task,Undergraduate,Data Entry,0,77.1,7.8,3.2,1,1,1,494.33,569.81,-2100.0,295.83,2024-12,9476.01,12096.39,16500.0,450.0,1.15,-80.0,-2620.379999999999,0.15954244554271257
2024-12-25,Hybrid/Gig-Task,Undergraduate,,1,77.59,8.3,0.0,0,0,0,0.0,471.36,-13200.0,323.98,2024-12,9476.01,12096.39,16500.0,450.0,inf,-470.0,-2620.379999999999,-1.3839150223575252
2024-12-26,Hybrid/Gig-Task,Undergraduate,Event Staff,0,77.98,7.5,4.2,1,1,1,824.02,640.74,4900.0,321.29,2024-12,9476.01,12096.39,16500.0,460.0,0.78,180.0,-2620.379999999999,1.1889408081588382
2024-12-27,Hybrid/Gig-Task,Undergraduate,,0,77.5,8.0,0.0,0,0,0,0.0,496.19,-13900.0,321.29,2024-12,9476.01,12096.39,16500.0,460.0,inf,-500.0,-2620.379999999999,-1.3839150223575252
2024-12-28,Hybrid/Gig-Task,Undergraduate,Delivery,0,78.84,7.5,2.7,3,2,1,250.34,137.2,3300.0,295.46,2024-12,9476.01,12096.39,16500.0,450.0,0.55,110.0,-2620.379999999999,-0.6022729158413406
2024-12-29,Hybrid/Gig-Task,Undergraduate,,0,76.87,8.2,0.0,0,0,0,0.0,592.87,-16600.0,321.75,2024-12,9476.01,12096.39,16500.0,440.0,inf,-590.0,-2620.379999999999,-1.3839150223575252
2024-12-30,Hybrid/Gig-Task,Undergraduate,,0,78.02,7.6,0.0,0,0,0,0.0,530.79,-14900.0,325.19,2024-12,9476.01,12096.39,16500.0,440.0,inf,-530.0,-2620.379999999999,-1.3839150223575252
